date,week,nou,toukamachi,niitsu
1982/12/1,낸,1,0,0
1982/12/2,뒞,0,0,0
1982/12/3,,0,0,0
1982/12/4,늧,0,0,0
1982/12/5,,0,0,0
1982/12/6,깵,4,14,1
1982/12/7,괉,3,2,0
1982/12/8,낸,0,4,0
1982/12/9,뒞,0,2,0
1982/12/10,,0,0,2
1982/12/11,늧,0,0,1
1982/12/12,,1,0,1
1982/12/13,깵,0,3,0
1982/12/14,괉,0,0,0
1982/12/15,낸,0,0,0
1982/12/16,뒞,0,0,0
1982/12/17,,0,0,0
1982/12/18,늧,24,14,0
1982/12/19,,5,2,0
1982/12/20,깵,3,3,0
1982/12/21,괉,9,1,0
1982/12/22,낸,5,0,0
1982/12/23,뒞,0,0,0
1982/12/24,,0,0,1
1982/12/25,늧,0,3,0
1982/12/26,,0,1,0
1982/12/27,깵,0,0,2
1982/12/28,괉,0,0,0
1982/12/29,낸,0,0,0
1982/12/30,뒞,0,1,0
1982/12/31,,0,26,0
1983/1/1,늧,0,18,0
1983/1/2,,5,4,0
1983/1/3,깵,2,13,0
1983/1/4,괉,2,2,0
1983/1/5,낸,4,2,0
1983/1/6,뒞,5,4,0
1983/1/7,,4,5,0
1983/1/8,늧,8,11,0
1983/1/9,,29,48,21
1983/1/10,깵,23,57,18
1983/1/11,괉,21,4,6
1983/1/12,낸,3,16,14
1983/1/13,뒞,13,22,6
1983/1/14,,5,27,14
1983/1/15,늧,2,14,7
1983/1/16,,3,6,2
1983/1/17,깵,5,1,2
1983/1/18,괉,4,2,7
1983/1/19,낸,15,10,5
1983/1/20,뒞,14,45,18
1983/1/21,,53,12,13
1983/1/22,늧,11,44,16
1983/1/23,,5,9,10
1983/1/24,깵,4,4,3
1983/1/25,괉,3,0,2
1983/1/26,낸,1,1,2
1983/1/27,뒞,3,0,1
1983/1/28,,4,2,1
1983/1/29,늧,6,6,1
1983/1/30,,10,14,7
1983/1/31,깵,1,9,2
1983/2/1,괉,4,4,2
1983/2/2,낸,2,4,4
1983/2/3,뒞,14,12,5
1983/2/4,,6,14,5
1983/2/5,늧,5,5,6
1983/2/6,,7,7,8
1983/2/7,깵,34,43,9
1983/2/8,괉,30,12,20
1983/2/9,낸,7,9,9
1983/2/10,뒞,31,41,32
1983/2/11,,8,10,37
1983/2/12,늧,32,36,18
1983/2/13,,31,35,21
1983/2/14,깵,8,11,1
1983/2/15,괉,5,2,2
1983/2/16,낸,4,10,4
1983/2/17,뒞,0,5,2
1983/2/18,,3,5,3
1983/2/19,늧,13,8,18
1983/2/20,,21,15,17
1983/2/21,깵,13,22,6
1983/2/22,괉,10,15,2
1983/2/23,낸,1,6,7
1983/2/24,뒞,1,2,2
1983/2/25,,4,18,8
1983/2/26,늧,7,27,5
1983/2/27,,8,12,4
1983/2/28,깵,2,2,2
1983/3/1,괉,4,2,2
1983/12/1,뒞,0,7,
1983/12/2,,0,3,
1983/12/3,늧,0,4,0
1983/12/4,,0,8,0
1983/12/5,깵,0,7,2
1983/12/6,괉,0,11,0
1983/12/7,낸,0,2,0
1983/12/8,뒞,0,4,0
1983/12/9,,0,4,0
1983/12/10,늧,0,5,0
1983/12/11,,1,3,1
1983/12/12,깵,0,3,0
1983/12/13,괉,0,1,0
1983/12/14,낸,4,8,2
1983/12/15,뒞,8,6,0
1983/12/16,,33,59,19
1983/12/17,늧,56,5,12
1983/12/18,,15,44,19
1983/12/19,깵,7,28,12
1983/12/20,괉,4,8,5
1983/12/21,낸,2,1,4
1983/12/22,뒞,2,2,4
1983/12/23,,3,6,0
1983/12/24,늧,6,3,0
1983/12/25,,10,29,2
1983/12/26,깵,15,24,2
1983/12/27,괉,15,5,3
1983/12/28,낸,6,2,4
1983/12/29,뒞,7,19,11
1983/12/30,,3,1,4
1983/12/31,늧,7,4,4
1984/1/1,,12,30,7
1984/1/2,깵,6,1,5
1984/1/3,괉,5,3,2
1984/1/4,낸,12,24,4
1984/1/5,뒞,38,46,25
1984/1/6,,9,30,6
1984/1/7,늧,23,9,9
1984/1/8,,6,3,8
1984/1/9,깵,6,3,28
1984/1/10,괉,3,12,3
1984/1/11,낸,7,37,6
1984/1/12,뒞,12,12,2
1984/1/13,,9,13,8
1984/1/14,늧,4,0,4
1984/1/15,,27,7,20
1984/1/16,깵,20,44,13
1984/1/17,괉,10,24,3
1984/1/18,낸,15,25,17
1984/1/19,뒞,13,6,7
1984/1/20,,17,11,12
1984/1/21,늧,2,0,0
1984/1/22,,5,8,5
1984/1/23,깵,19,32,2
1984/1/24,괉,21,21,5
1984/1/25,낸,49,32,14
1984/1/26,뒞,31,33,24
1984/1/27,,22,12,6
1984/1/28,늧,28,16,11
1984/1/29,,18,14,18
1984/1/30,깵,3,9,6
1984/1/31,괉,15,10,15
1984/2/1,낸,3,0,0
1984/2/2,뒞,2,2,5
1984/2/3,,20,31,41
1984/2/4,늧,2,30,4
1984/2/5,,51,24,22
1984/2/6,깵,34,28,17
1984/2/7,괉,10,28,2
1984/2/8,낸,19,41,6
1984/2/9,뒞,10,12,5
1984/2/10,,11,12,3
1984/2/11,늧,2,5,1
1984/2/12,,2,0,3
1984/2/13,깵,9,6,4
1984/2/14,괉,36,16,7
1984/2/15,낸,15,15,1
1984/2/16,뒞,14,26,3
1984/2/17,,28,13,13
1984/2/18,늧,7,12,13
1984/2/19,,8,13,2
1984/2/20,깵,3,4,2
1984/2/21,괉,2,8,0
1984/2/22,낸,1,0,2
1984/2/23,뒞,2,3,4
1984/2/24,,2,4,1
1984/2/25,늧,6,4,2
1984/2/26,,4,1,2
1984/2/27,깵,10,22,7
1984/2/28,괉,16,24,4
1984/2/29,낸,59,32,11
1984/12/1,늧,0,0,0
1984/12/2,,0,0,0
1984/12/3,깵,0,0,0
1984/12/4,괉,0,0,0
1984/12/5,낸,0,0,0
1984/12/6,뒞,0,0,3
1984/12/7,,0,0,0
1984/12/8,늧,0,0,0
1984/12/9,,0,0,0
1984/12/10,깵,0,0,0
1984/12/11,괉,0,0,0
1984/12/12,낸,0,0,0
1984/12/13,뒞,0,0,0
1984/12/14,,0,0,0
1984/12/15,늧,0,0,0
1984/12/16,,0,0,0
1984/12/17,깵,0,17,9
1984/12/18,괉,0,3,0
1984/12/19,낸,0,9,5
1984/12/20,뒞,0,,1
1984/12/21,,0,,0
1984/12/22,늧,35,37,32
1984/12/23,,10,20,13
1984/12/24,깵,31,57,32
1984/12/25,괉,28,46,15
1984/12/26,낸,26,55,20
1984/12/27,뒞,29,35,11
1984/12/28,,29,21,54
1984/12/29,늧,60,35,25
1984/12/30,,13,48,11
1984/12/31,깵,2,2,6
1985/1/1,괉,8,4,11
1985/1/2,낸,12,14,11
1985/1/3,뒞,3,1,3
1985/1/4,,18,19,14
1985/1/5,늧,17,44,5
1985/1/6,,65,19,64
1985/1/7,깵,5,27,4
1985/1/8,괉,2,9,4
1985/1/9,낸,1,4,1
1985/1/10,뒞,1,3,2
1985/1/11,,1,0,0
1985/1/12,늧,3,1,2
1985/1/13,,39,28,30
1985/1/14,깵,38,79,39
1985/1/15,괉,1,3,0
1985/1/16,낸,17,58,20
1985/1/17,뒞,5,15,1
1985/1/18,,33,5,1
1985/1/19,늧,2,1,4
1985/1/20,,1,4,0
1985/1/21,깵,4,15,1
1985/1/22,괉,4,3,1
1985/1/23,낸,10,23,8
1985/1/24,뒞,40,15,19
1985/1/25,,11,40,21
1985/1/26,늧,29,31,12
1985/1/27,,0,4,3
1985/1/28,깵,24,9,10
1985/1/29,괉,54,29,27
1985/1/30,낸,20,33,11
1985/1/31,뒞,2,5,5
1985/2/1,,3,1,1
1985/2/2,늧,11,12,8
1985/2/3,,2,7,5
1985/2/4,깵,5,3,3
1985/2/5,괉,1,1,1
1985/2/6,낸,1,0,1
1985/2/7,뒞,1,3,2
1985/2/8,,0,0,0
1985/2/9,늧,2,5,0
1985/2/10,,2,5,2
1985/2/11,깵,3,20,4
1985/2/12,괉,2,6,4
1985/2/13,낸,11,13,3
1985/2/14,뒞,4,32,7
1985/2/15,,8,26,2
1985/2/16,늧,1,6,2
1985/2/17,,12,12,2
1985/2/18,깵,3,6,1
1985/2/19,괉,3,1,1
1985/2/20,낸,5,4,3
1985/2/21,뒞,14,12,13
1985/2/22,,17,31,14
1985/2/23,늧,16,12,7
1985/2/24,,10,20,10
1985/2/25,깵,7,21,5
1985/2/26,괉,8,4,4
1985/2/27,낸,1,10,2
1985/2/28,뒞,4,3,1
1985/3/1,,4,0,3
1985/12/1,,2,0,
1985/12/2,깵,0,0,
1985/12/3,괉,0,0,
1985/12/4,낸,0,0,
1985/12/5,뒞,0,0,
1985/12/6,,0,1,0
1985/12/7,늧,0,0,0
1985/12/8,,0,0,0
1985/12/9,깵,24,4,0
1985/12/10,괉,32,48,17
1985/12/11,낸,17,24,2
1985/12/12,뒞,11,13,7
1985/12/13,,6,16,2
1985/12/14,늧,2,8,6
1985/12/15,,46,36,51
1985/12/16,깵,24,15,1
1985/12/17,괉,32,21,16
1985/12/18,낸,4,21,2
1985/12/19,뒞,3,18,18
1985/12/20,,13,52,8
1985/12/21,늧,6,16,1
1985/12/22,,1,3,0
1985/12/23,깵,3,6,4
1985/12/24,괉,4,25,3
1985/12/25,낸,7,12,4
1985/12/26,뒞,3,12,1
1985/12/27,,1,1,2
1985/12/28,늧,1,1,0
1985/12/29,,10,6,3
1985/12/30,깵,6,4,2
1985/12/31,괉,4,3,0
1986/1/1,낸,3,2,0
1986/1/2,뒞,30,55,25
1986/1/3,,7,7,2
1986/1/4,늧,3,1,4
1986/1/5,,27,38,53
1986/1/6,깵,17,21,46
1986/1/7,괉,1,3,1
1986/1/8,낸,1,4,0
1986/1/9,뒞,13,27,31
1986/1/10,,73,78,11
1986/1/11,늧,41,42,10
1986/1/12,,5,29,3
1986/1/13,깵,0,14,3
1986/1/14,괉,6,21,4
1986/1/15,낸,2,15,1
1986/1/16,뒞,1,3,2
1986/1/17,,2,2,5
1986/1/18,늧,2,1,0
1986/1/19,,2,1,0
1986/1/20,깵,6,4,2
1986/1/21,괉,25,33,7
1986/1/22,낸,18,44,14
1986/1/23,뒞,37,36,24
1986/1/24,,31,31,8
1986/1/25,늧,35,72,23
1986/1/26,,34,29,6
1986/1/27,깵,14,14,3
1986/1/28,괉,3,14,7
1986/1/29,낸,11,10,3
1986/1/30,뒞,2,5,2
1986/1/31,,5,3,3
1986/2/1,늧,36,19,21
1986/2/2,,6,29,10
1986/2/3,깵,58,41,33
1986/2/4,괉,77,22,25
1986/2/5,낸,16,33,14
1986/2/6,뒞,8,22,2
1986/2/7,,12,18,2
1986/2/8,늧,2,12,4
1986/2/9,,11,38,18
1986/2/10,깵,18,12,2
1986/2/11,괉,,6,1
1986/2/12,낸,7,28,3
1986/2/13,뒞,4,8,1
1986/2/14,,1,3,1
1986/2/15,늧,13,17,8
1986/2/16,,8,33,12
1986/2/17,깵,2,20,5
1986/2/18,괉,0,13,3
1986/2/19,낸,1,12,4
1986/2/20,뒞,2,31,4
1986/2/21,,10,20,2
1986/2/22,늧,12,10,4
1986/2/23,,13,2,9
1986/2/24,깵,22,35,20
1986/2/25,괉,6,11,6
1986/2/26,낸,1,25,5
1986/2/27,뒞,3,10,6
1986/2/28,,5,11,14
1986/3/1,늧,21,37,9
1986/12/1,깵,0,10,0
1986/12/2,괉,0,11,0
1986/12/3,낸,0,11,0
1986/12/4,뒞,0,13,1
1986/12/5,,0,13,0
1986/12/6,늧,0,8,0
1986/12/7,,0,10,0
1986/12/8,깵,0,8,0
1986/12/9,괉,0,9,0
1986/12/10,낸,0,15,0
1986/12/11,뒞,0,15,0
1986/12/12,,0,10,0
1986/12/13,늧,0,6,0
1986/12/14,,0,9,0
1986/12/15,깵,0,9,0
1986/12/16,괉,0,10,0
1986/12/17,낸,0,10,0
1986/12/18,뒞,0,12,0
1986/12/19,,0,11,0
1986/12/20,늧,0,14,0
1986/12/21,,0,7,0
1986/12/22,깵,0,49,0
1986/12/23,괉,0,10,0
1986/12/24,낸,0,11,0
1986/12/25,뒞,0,7,0
1986/12/26,,0,24,2
1986/12/27,늧,0,23,2
1986/12/28,,2,23,1
1986/12/29,깵,11,30,3
1986/12/30,괉,2,14,0
1986/12/31,낸,1,14,0
1987/1/1,뒞,0,16,0
1987/1/2,,0,18,0
1987/1/3,늧,0,13,0
1987/1/4,,0,38,25
1987/1/5,깵,10,8,5
1987/1/6,괉,3,14,2
1987/1/7,낸,0,17,0
1987/1/8,뒞,0,18,0
1987/1/9,,9,27,35
1987/1/10,늧,58,55,19
1987/1/11,,7,23,7
1987/1/12,깵,0,21,1
1987/1/13,괉,1,21,1
1987/1/14,낸,7,11,11
1987/1/15,뒞,1,9,2
1987/1/16,,2,11,2
1987/1/17,늧,5,10,1
1987/1/18,,18,42,0
1987/1/19,깵,57,27,40
1987/1/20,괉,4,40,2
1987/1/21,낸,3,16,1
1987/1/22,뒞,1,6,2
1987/1/23,,1,20,3
1987/1/24,늧,3,14,0
1987/1/25,,10,46,0
1987/1/26,깵,8,25,14
1987/1/27,괉,8,29,4
1987/1/28,낸,5,5,0
1987/1/29,뒞,8,6,0
1987/1/30,,9,12,11
1987/1/31,늧,56,42,24
1987/2/1,,12,18,0
1987/2/2,깵,2,11,2
1987/2/3,괉,1,24,13
1987/2/4,낸,8,20,8
1987/2/5,뒞,0,16,2
1987/2/6,,1,6,0
1987/2/7,늧,3,9,2
1987/2/8,,2,8,0
1987/2/9,깵,2,9,2
1987/2/10,괉,2,13,0
1987/2/11,낸,3,7,0
1987/2/12,뒞,0,25,0
1987/2/13,,0,15,2
1987/2/14,늧,0,26,0
1987/2/15,,27,33,24
1987/2/16,깵,2,26,8
1987/2/17,괉,1,12,0
1987/2/18,낸,9,11,3
1987/2/19,뒞,17,30,16
1987/2/20,,7,16,3
1987/2/21,늧,3,17,4
1987/2/22,,3,12,4
1987/2/23,깵,4,13,2
1987/2/24,괉,1,12,0
1987/2/25,낸,16,36,0
1987/2/26,뒞,13,14,5
1987/2/27,,28,29,24
1987/2/28,늧,15,20,37
1987/3/1,,35,19,5
1987/12/1,괉,0,4,0
1987/12/2,낸,0,39,0
1987/12/3,뒞,0,22,0
1987/12/4,,1,29,9
1987/12/5,늧,0,6,1
1987/12/6,,0,13,3
1987/12/7,깵,18,41,0
1987/12/8,괉,4,6,2
1987/12/9,낸,8,5,3
1987/12/10,뒞,1,2,0
1987/12/11,,0,3,0
1987/12/12,늧,0,1,0
1987/12/13,,0,2,0
1987/12/14,깵,0,4,0
1987/12/15,괉,0,3,0
1987/12/16,낸,0,2,0
1987/12/17,뒞,0,5,0
1987/12/18,,0,6,0
1987/12/19,늧,0,7,0
1987/12/20,,1,3,0
1987/12/21,깵,0,4,0
1987/12/22,괉,0,3,0
1987/12/23,낸,0,6,0
1987/12/24,뒞,0,6,0
1987/12/25,,0,3,0
1987/12/26,늧,0,0,0
1987/12/27,,0,0,0
1987/12/28,깵,0,0,0
1987/12/29,괉,0,0,0
1987/12/30,낸,0,3,0
1987/12/31,뒞,2,18,0
1988/1/1,,1,7,0
1988/1/2,늧,0,6,0
1988/1/3,,0,0,0
1988/1/4,깵,0,1,0
1988/1/5,괉,12,9,0
1988/1/6,낸,11,28,0
1988/1/7,뒞,0,7,0
1988/1/8,,0,0,0
1988/1/9,늧,1,48,0
1988/1/10,,0,29,0
1988/1/11,깵,0,12,0
1988/1/12,괉,0,0,0
1988/1/13,낸,0,1,0
1988/1/14,뒞,0,3,0
1988/1/15,,0,10,0
1988/1/16,늧,0,5,0
1988/1/17,,0,29,0
1988/1/18,깵,0,49,10
1988/1/19,괉,0,9,3
1988/1/20,낸,0,2,0
1988/1/21,뒞,0,4,0
1988/1/22,,0,4,0
1988/1/23,늧,21,28,19
1988/1/24,,41,36,32
1988/1/25,깵,7,1,1
1988/1/26,괉,2,11,2
1988/1/27,낸,11,17,17
1988/1/28,뒞,8,16,7
1988/1/29,,8,17,0
1988/1/30,늧,30,41,28
1988/1/31,,13,37,21
1988/2/1,깵,7,6,1
1988/2/2,괉,14,11,7
1988/2/3,낸,26,37,5
1988/2/4,뒞,1,2,17
1988/2/5,,5,2,1
1988/2/6,늧,12,14,15
1988/2/7,,19,32,12
1988/2/8,깵,19,37,1
1988/2/9,괉,39,4,11
1988/2/10,낸,17,31,15
1988/2/11,뒞,14,24,2
1988/2/12,,0,3,5
1988/2/13,늧,2,34,7
1988/2/14,,15,11,8
1988/2/15,깵,17,37,10
1988/2/16,괉,14,48,8
1988/2/17,낸,26,24,3
1988/2/18,뒞,9,11,19
1988/2/19,,3,28,2
1988/2/20,늧,16,16,13
1988/2/21,,10,23,2
1988/2/22,깵,5,5,2
1988/2/23,괉,3,1,3
1988/2/24,낸,2,3,2
1988/2/25,뒞,2,3,1
1988/2/26,,3,3,2
1988/2/27,늧,3,2,1
1988/2/28,,6,18,3
1988/2/29,깵,2,11,1
1988/12/1,뒞,1,3,1
1988/12/2,,1,0,0
1988/12/3,늧,0,0,0
1988/12/4,,0,2,0
1988/12/5,깵,3,16,1
1988/12/6,괉,0,15,0
1988/12/7,낸,0,2,0
1988/12/8,뒞,0,0,0
1988/12/9,,1,8,3
1988/12/10,늧,4,7,0
1988/12/11,,0,2,3
1988/12/12,깵,0,0,0
1988/12/13,괉,0,0,0
1988/12/14,낸,0,4,0
1988/12/15,뒞,2,0,9
1988/12/16,,16,18,48
1988/12/17,늧,4,35,5
1988/12/18,,3,9,1
1988/12/19,깵,3,7,1
1988/12/20,괉,2,8,5
1988/12/21,낸,5,34,2
1988/12/22,뒞,3,18,1
1988/12/23,,3,5,4
1988/12/24,늧,2,9,2
1988/12/25,,5,32,2
1988/12/26,깵,5,33,1
1988/12/27,괉,2,2,0
1988/12/28,낸,1,22,1
1988/12/29,뒞,0,11,0
1988/12/30,,0,8,0
1988/12/31,늧,0,3,0
1989/1/1,,2,19,0
1989/1/2,깵,0,6,0
1989/1/3,괉,1,6,0
1989/1/4,낸,5,21,1
1989/1/5,뒞,4,21,0
1989/1/6,,0,1,0
1989/1/7,늧,0,3,0
1989/1/8,,1,13,0
1989/1/9,깵,0,3,0
1989/1/10,괉,0,7,0
1989/1/11,낸,0,2,0
1989/1/12,뒞,7,13,0
1989/1/13,,4,6,0
1989/1/14,늧,6,8,8
1989/1/15,,7,2,6
1989/1/16,깵,4,3,1
1989/1/17,괉,6,5,0
1989/1/18,낸,0,6,0
1989/1/19,뒞,5,3,0
1989/1/20,,4,0,0
1989/1/21,늧,0,0,0
1989/1/22,,0,0,0
1989/1/23,깵,0,0,0
1989/1/24,괉,2,8,0
1989/1/25,낸,0,10,0
1989/1/26,뒞,0,5,0
1989/1/27,,17,38,0
1989/1/28,늧,10,21,6
1989/1/29,,4,27,12
1989/1/30,깵,1,4,3
1989/1/31,괉,0,1,3
1989/2/1,낸,4,20,3
1989/2/2,뒞,6,35,11
1989/2/3,,3,30,5
1989/2/4,늧,10,36,0
1989/2/5,,0,0,0
1989/2/6,깵,1,4,0
1989/2/7,괉,0,3,0
1989/2/8,낸,0,7,0
1989/2/9,뒞,3,9,0
1989/2/10,,2,12,0
1989/2/11,늧,17,13,0
1989/2/12,,2,24,0
1989/2/13,깵,11,22,0
1989/2/14,괉,3,3,0
1989/2/15,낸,0,5,0
1989/2/16,뒞,2,9,0
1989/2/17,,3,6,0
1989/2/18,늧,2,5,0
1989/2/19,,0,4,0
1989/2/20,깵,0,0,0
1989/2/21,괉,1,7,0
1989/2/22,낸,0,9,0
1989/2/23,뒞,0,5,0
1989/2/24,,1,18,0
1989/2/25,늧,2,12,0
1989/2/26,,2,9,1
1989/2/27,깵,0,2,0
1989/2/28,괉,0,1,0
1989/3/1,낸,0,0,0
1989/12/1,,3,0,0
1989/12/2,늧,0,0,0
1989/12/3,,0,0,0
1989/12/4,깵,0,0,0
1989/12/5,괉,0,0,0
1989/12/6,낸,0,0,0
1989/12/7,뒞,0,0,0
1989/12/8,,6,0,0
1989/12/9,늧,10,,0
1989/12/10,,1,,0
1989/12/11,깵,0,,0
1989/12/12,괉,0,,0
1989/12/13,낸,0,,0
1989/12/14,뒞,0,,0
1989/12/15,,0,,0
1989/12/16,늧,0,,0
1989/12/17,,0,,0
1989/12/18,깵,3,,0
1989/12/19,괉,0,,0
1989/12/20,낸,2,,0
1989/12/21,뒞,0,,0
1989/12/22,,1,,0
1989/12/23,늧,0,11,0
1989/12/24,,0,1,0
1989/12/25,깵,0,6,0
1989/12/26,괉,0,13,0
1989/12/27,낸,0,,0
1989/12/28,뒞,0,,0
1989/12/29,,1,,0
1989/12/30,늧,3,9,0
1989/12/31,,6,,3
1990/1/1,깵,21,,8
1990/1/2,괉,4,29,4
1990/1/3,낸,19,27,6
1990/1/4,뒞,9,,6
1990/1/5,,13,11,2
1990/1/6,늧,3,23,0
1990/1/7,,8,,0
1990/1/8,깵,5,5,0
1990/1/9,괉,4,10,0
1990/1/10,낸,2,5,0
1990/1/11,뒞,1,2,0
1990/1/12,,4,8,0
1990/1/13,늧,8,44,2
1990/1/14,,6,22,3
1990/1/15,깵,14,16,12
1990/1/16,괉,4,5,2
1990/1/17,낸,9,11,2
1990/1/18,뒞,3,5,2
1990/1/19,,4,9,0
1990/1/20,늧,11,32,12
1990/1/21,,5,6,6
1990/1/22,깵,11,17,7
1990/1/23,괉,37,23,28
1990/1/24,낸,39,38,22
1990/1/25,뒞,20,53,10
1990/1/26,,9,38,2
1990/1/27,늧,14,20,0
1990/1/28,,3,18,0
1990/1/29,깵,2,8,3
1990/1/30,괉,8,8,4
1990/1/31,낸,35,17,7
1990/2/1,뒞,11,18,7
1990/2/2,,5,7,2
1990/2/3,늧,3,5,2
1990/2/4,,2,4,3
1990/2/5,깵,2,5,1
1990/2/6,괉,1,2,1
1990/2/7,낸,2,3,3
1990/2/8,뒞,0,3,2
1990/2/9,,1,3,2
1990/2/10,늧,1,4,0
1990/2/11,,1,5,0
1990/2/12,깵,5,9,0
1990/2/13,괉,3,3,0
1990/2/14,낸,2,1,0
1990/2/15,뒞,2,4,0
1990/2/16,,4,11,0
1990/2/17,늧,1,8,0
1990/2/18,,0,0,0
1990/2/19,깵,0,1,0
1990/2/20,괉,2,9,0
1990/2/21,낸,0,3,0
1990/2/22,뒞,0,3,0
1990/2/23,,0,4,0
1990/2/24,늧,0,5,0
1990/2/25,,0,8,0
1990/2/26,깵,0,6,0
1990/2/27,괉,0,3,0
1990/2/28,낸,0,5,0
1990/3/1,뒞,0,3,0
1990/12/1,늧,0,0,0
1990/12/2,,0,0,0
1990/12/3,깵,0,0,0
1990/12/4,괉,0,0,0
1990/12/5,낸,0,0,0
1990/12/6,뒞,0,0,0
1990/12/7,,0,0,0
1990/12/8,늧,0,0,0
1990/12/9,,0,0,0
1990/12/10,깵,0,0,0
1990/12/11,괉,0,0,0
1990/12/12,낸,0,0,0
1990/12/13,뒞,1,0,0
1990/12/14,,0,0,0
1990/12/15,늧,0,0,0
1990/12/16,,0,0,0
1990/12/17,깵,1,6,0
1990/12/18,괉,0,2,0
1990/12/19,낸,1,0,0
1990/12/20,뒞,0,0,0
1990/12/21,,0,0,0
1990/12/22,늧,0,0,0
1990/12/23,,0,0,0
1990/12/24,깵,0,4,1
1990/12/25,괉,0,7,2
1990/12/26,낸,1,4,0
1990/12/27,뒞,1,15,5
1990/12/28,,1,12,0
1990/12/29,늧,2,3,0
1990/12/30,,0,7,0
1990/12/31,깵,0,3,0
1991/1/1,괉,0,2,0
1991/1/2,낸,0,2,0
1991/1/3,뒞,4,8,0
1991/1/4,,1,33,11
1991/1/5,늧,8,26,20
1991/1/6,,15,32,7
1991/1/7,깵,10,8,3
1991/1/8,괉,26,42,18
1991/1/9,낸,4,15,4
1991/1/10,뒞,4,11,3
1991/1/11,,0,6,4
1991/1/12,늧,1,3,0
1991/1/13,,5,6,5
1991/1/14,깵,13,10,2
1991/1/15,괉,38,37,20
1991/1/16,낸,6,21,14
1991/1/17,뒞,4,7,2
1991/1/18,,12,32,5
1991/1/19,늧,5,1,0
1991/1/20,,3,3,1
1991/1/21,깵,2,2,2
1991/1/22,괉,1,1,3
1991/1/23,낸,6,20,4
1991/1/24,뒞,4,8,1
1991/1/25,,6,5,1
1991/1/26,늧,4,18,2
1991/1/27,,13,34,1
1991/1/28,깵,8,20,4
1991/1/29,괉,6,22,10
1991/1/30,낸,8,21,1
1991/1/31,뒞,10,15,3
1991/2/1,,15,37,4
1991/2/2,늧,27,15,6
1991/2/3,,15,21,0
1991/2/4,깵,8,32,7
1991/2/5,괉,7,19,8
1991/2/6,낸,4,4,13
1991/2/7,뒞,1,6,1
1991/2/8,,4,24,12
1991/2/9,늧,3,9,1
1991/2/10,,3,2,2
1991/2/11,깵,3,2,4
1991/2/12,괉,6,9,6
1991/2/13,낸,2,1,2
1991/2/14,뒞,3,2,1
1991/2/15,,3,1,0
1991/2/16,늧,1,1,0
1991/2/17,,4,13,7
1991/2/18,깵,8,10,8
1991/2/19,괉,23,22,24
1991/2/20,낸,10,14,10
1991/2/21,뒞,15,4,38
1991/2/22,,17,12,9
1991/2/23,늧,33,49,23
1991/2/24,,20,28,31
1991/2/25,깵,10,17,1
1991/2/26,괉,1,0,9
1991/2/27,낸,2,1,2
1991/2/28,뒞,2,3,2
1991/3/1,,5,7,1
1991/12/1,,0,0,0
1991/12/2,깵,0,0,0
1991/12/3,괉,0,0,0
1991/12/4,낸,0,0,0
1991/12/5,뒞,0,0,0
1991/12/6,,0,0,0
1991/12/7,늧,0,0,0
1991/12/8,,0,0,0
1991/12/9,깵,3,6,0
1991/12/10,괉,0,2,0
1991/12/11,낸,1,0,0
1991/12/12,뒞,9,56,0
1991/12/13,,4,,0
1991/12/14,늧,4,3,0
1991/12/15,,0,4,0
1991/12/16,깵,0,4,0
1991/12/17,괉,0,3,0
1991/12/18,낸,0,5,0
1991/12/19,뒞,2,2,0
1991/12/20,,0,3,0
1991/12/21,늧,0,3,0
1991/12/22,,0,3,0
1991/12/23,깵,0,0,0
1991/12/24,괉,0,0,0
1991/12/25,낸,0,0,0
1991/12/26,뒞,0,0,0
1991/12/27,,0,0,0
1991/12/28,늧,0,1,0
1991/12/29,,1,20,2
1991/12/30,깵,1,12,2
1991/12/31,괉,2,15,0
1992/1/1,낸,0,1,0
1992/1/2,뒞,1,2,0
1992/1/3,,2,4,0
1992/1/4,늧,3,5,0
1992/1/5,,0,4,0
1992/1/6,깵,0,2,0
1992/1/7,괉,0,3,0
1992/1/8,낸,4,4,0
1992/1/9,뒞,0,3,0
1992/1/10,,1,3,0
1992/1/11,늧,0,1,0
1992/1/12,,0,0,0
1992/1/13,깵,0,0,0
1992/1/14,괉,2,16,0
1992/1/15,낸,0,2,0
1992/1/16,뒞,0,2,0
1992/1/17,,0,4,0
1992/1/18,늧,21,72,2
1992/1/19,,11,64,0
1992/1/20,깵,8,20,5
1992/1/21,괉,1,1,0
1992/1/22,낸,9,8,0
1992/1/23,뒞,55,31,15
1992/1/24,,15,26,9
1992/1/25,늧,6,2,9
1992/1/26,,0,0,3
1992/1/27,깵,4,3,0
1992/1/28,괉,5,3,0
1992/1/29,낸,10,3,0
1992/1/30,뒞,3,6,0
1992/1/31,,5,16,0
1992/2/1,늧,19,46,19
1992/2/2,,8,17,5
1992/2/3,깵,5,3,1
1992/2/4,괉,3,5,0
1992/2/5,낸,8,16,0
1992/2/6,뒞,4,2,0
1992/2/7,,12,13,0
1992/2/8,늧,50,23,14
1992/2/9,,5,11,3
1992/2/10,깵,3,5,1
1992/2/11,괉,2,20,0
1992/2/12,낸,1,3,0
1992/2/13,뒞,4,2,0
1992/2/14,,12,5,0
1992/2/15,늧,3,4,0
1992/2/16,,5,16,0
1992/2/17,깵,4,5,0
1992/2/18,괉,3,4,0
1992/2/19,낸,14,27,0
1992/2/20,뒞,15,4,4
1992/2/21,,25,32,0
1992/2/22,늧,23,16,0
1992/2/23,,5,5,0
1992/2/24,깵,2,8,0
1992/2/25,괉,10,18,0
1992/2/26,낸,6,13,0
1992/2/27,뒞,2,1,0
1992/2/28,,4,0,0
1992/2/29,늧,0,1,0
1992/12/1,괉,0,0,0
1992/12/2,낸,0,0,0
1992/12/3,뒞,0,0,0
1992/12/4,,0,0,0
1992/12/5,늧,0,0,0
1992/12/6,,0,0,0
1992/12/7,깵,0,0,0
1992/12/8,괉,0,0,0
1992/12/9,낸,0,0,0
1992/12/10,뒞,0,0,0
1992/12/11,,1,13,0
1992/12/12,늧,1,22,0
1992/12/13,,4,5,1
1992/12/14,깵,13,36,1
1992/12/15,괉,3,26,1
1992/12/16,낸,2,8,0
1992/12/17,뒞,5,6,0
1992/12/18,,4,16,0
1992/12/19,늧,1,3,0
1992/12/20,,0,3,1
1992/12/21,깵,2,4,0
1992/12/22,괉,0,1,0
1992/12/23,낸,3,9,0
1992/12/24,뒞,18,62,19
1992/12/25,,12,22,2
1992/12/26,늧,4,6,1
1992/12/27,,0,4,0
1992/12/28,깵,2,2,0
1992/12/29,괉,5,3,0
1992/12/30,낸,0,4,0
1992/12/31,뒞,4,19,0
1993/1/1,,0,2,0
1993/1/2,늧,0,3,0
1993/1/3,,2,7,0
1993/1/4,깵,0,7,0
1993/1/5,괉,2,34,0
1993/1/6,낸,0,5,0
1993/1/7,뒞,0,6,0
1993/1/8,,0,3,0
1993/1/9,늧,0,3,0
1993/1/10,,3,4,0
1993/1/11,깵,0,2,0
1993/1/12,괉,0,3,0
1993/1/13,낸,0,3,0
1993/1/14,뒞,2,9,0
1993/1/15,,5,8,0
1993/1/16,늧,0,4,0
1993/1/17,,2,5,0
1993/1/18,깵,1,8,0
1993/1/19,괉,4,37,0
1993/1/20,낸,14,35,6
1993/1/21,뒞,5,19,4
1993/1/22,,10,12,2
1993/1/23,늧,3,5,0
1993/1/24,,5,2,0
1993/1/25,깵,3,4,0
1993/1/26,괉,3,3,0
1993/1/27,낸,3,5,0
1993/1/28,뒞,6,21,9
1993/1/29,,10,20,2
1993/1/30,늧,8,13,6
1993/1/31,,3,16,3
1993/2/1,깵,19,27,3
1993/2/2,괉,28,31,15
1993/2/3,낸,4,1,3
1993/2/4,뒞,2,2,0
1993/2/5,,3,3,0
1993/2/6,늧,8,5,0
1993/2/7,,2,2,0
1993/2/8,깵,1,28,0
1993/2/9,괉,25,37,
1993/2/10,낸,10,20,0
1993/2/11,뒞,5,5,0
1993/2/12,,12,23,3
1993/2/13,늧,6,16,0
1993/2/14,,8,28,0
1993/2/15,깵,2,7,0
1993/2/16,괉,4,0,0
1993/2/17,낸,3,3,0
1993/2/18,뒞,2,3,0
1993/2/19,,2,24,0
1993/2/20,늧,0,1,0
1993/2/21,,0,5,0
1993/2/22,깵,3,3,0
1993/2/23,괉,5,7,0
1993/2/24,낸,6,39,0
1993/2/25,뒞,24,49,0
1993/2/26,,10,22,0
1993/2/27,늧,2,2,0
1993/2/28,,3,1,0
1993/3/1,깵,14,15,3
1993/12/1,낸,0,0,0
1993/12/2,뒞,0,0,0
1993/12/3,,0,0,0
1993/12/4,늧,0,0,0
1993/12/5,,0,0,0
1993/12/6,깵,0,0,0
1993/12/7,괉,0,0,0
1993/12/8,낸,0,0,0
1993/12/9,뒞,0,0,0
1993/12/10,,0,0,0
1993/12/11,늧,0,0,0
1993/12/12,,0,0,0
1993/12/13,깵,0,0,0
1993/12/14,괉,0,7,7
1993/12/15,낸,0,29,3
1993/12/16,뒞,0,13,4
1993/12/17,,1,29,7
1993/12/18,늧,18,29,5
1993/12/19,,1,2,5
1993/12/20,깵,0,5,1
1993/12/21,괉,4,6,0
1993/12/22,낸,37,71,19
1993/12/23,뒞,13,25,12
1993/12/24,,0,5,0
1993/12/25,늧,1,5,4
1993/12/26,,4,7,2
1993/12/27,깵,8,5,0
1993/12/28,괉,2,15,0
1993/12/29,낸,0,0,0
1993/12/30,뒞,0,6,0
1993/12/31,,7,4,0
1994/1/1,늧,0,24,0
1994/1/2,,2,17,0
1994/1/3,깵,0,0,0
1994/1/4,괉,2,4,0
1994/1/5,낸,2,14,0
1994/1/6,뒞,4,3,4
1994/1/7,,1,31,0
1994/1/8,늧,0,17,0
1994/1/9,,1,4,0
1994/1/10,깵,1,4,0
1994/1/11,괉,0,1,0
1994/1/12,낸,2,1,0
1994/1/13,뒞,3,1,0
1994/1/14,,3,8,0
1994/1/15,늧,0,20,0
1994/1/16,,0,8,0
1994/1/17,깵,0,6,0
1994/1/18,괉,14,15,11
1994/1/19,낸,56,54,18
1994/1/20,뒞,13,20,12
1994/1/21,,42,8,2
1994/1/22,늧,5,23,13
1994/1/23,,50,47,40
1994/1/24,깵,5,14,9
1994/1/25,괉,3,3,16
1994/1/26,낸,2,5,0
1994/1/27,뒞,3,15,13
1994/1/28,,15,9,3
1994/1/29,늧,19,29,17
1994/1/30,,10,19,1
1994/1/31,깵,1,9,6
1994/2/1,괉,5,5,6
1994/2/2,낸,5,15,14
1994/2/3,뒞,10,27,3
1994/2/4,,6,31,5
1994/2/5,늧,4,0,2
1994/2/6,,0,0,4
1994/2/7,깵,5,0,3
1994/2/8,괉,0,,0
1994/2/9,낸,4,,2
1994/2/10,뒞,9,,13
1994/2/11,,12,14,11
1994/2/12,늧,34,39,27
1994/2/13,,5,20,5
1994/2/14,깵,9,12,8
1994/2/15,괉,2,1,0
1994/2/16,낸,0,0,3
1994/2/17,뒞,5,0,2
1994/2/18,,3,3,3
1994/2/19,늧,1,3,4
1994/2/20,,0,2,0
1994/2/21,깵,6,3,3
1994/2/22,괉,0,13,3
1994/2/23,낸,8,28,4
1994/2/24,뒞,13,21,6
1994/2/25,,4,9,2
1994/2/26,늧,5,12,15
1994/2/27,,10,22,9
1994/2/28,깵,2,4,2
1994/3/1,괉,3,10,2
1994/12/1,뒞,0,0,0
1994/12/2,,0,0,0
1994/12/3,늧,0,0,0
1994/12/4,,0,0,0
1994/12/5,깵,3,8,3
1994/12/6,괉,0,8,2
1994/12/7,낸,0,4,0
1994/12/8,뒞,0,0,0
1994/12/9,,0,0,0
1994/12/10,늧,0,0,0
1994/12/11,,0,0,0
1994/12/12,깵,0,0,0
1994/12/13,괉,0,0,0
1994/12/14,낸,0,0,7
1994/12/15,뒞,,6,14
1994/12/16,,,44,13
1994/12/17,늧,13,18,6
1994/12/18,,27,17,30
1994/12/19,깵,5,31,4
1994/12/20,괉,6,3,1
1994/12/21,낸,1,2,2
1994/12/22,뒞,2,3,1
1994/12/23,,2,5,4
1994/12/24,늧,0,2,2
1994/12/25,,0,3,2
1994/12/26,깵,0,2,2
1994/12/27,괉,0,2,5
1994/12/28,낸,0,4,2
1994/12/29,뒞,0,18,3
1994/12/30,,0,1,3
1994/12/31,늧,0,15,9
1995/1/1,,1,31,16
1995/1/2,깵,0,5,7
1995/1/3,괉,0,1,2
1995/1/4,낸,0,2,6
1995/1/5,뒞,0,2,7
1995/1/6,,27,42,40
1995/1/7,늧,5,4,7
1995/1/8,,0,2,2
1995/1/9,깵,0,5,3
1995/1/10,괉,1,27,13
1995/1/11,낸,15,33,23
1995/1/12,뒞,8,16,19
1995/1/13,,42,51,29
1995/1/14,늧,19,21,5
1995/1/15,,17,13,5
1995/1/16,깵,9,18,5
1995/1/17,괉,20,28,14
1995/1/18,낸,4,17,13
1995/1/19,뒞,9,25,1
1995/1/20,,1,3,4
1995/1/21,늧,0,2,4
1995/1/22,,2,2,1
1995/1/23,깵,2,2,3
1995/1/24,괉,8,11,8
1995/1/25,낸,2,12,4
1995/1/26,뒞,6,25,15
1995/1/27,,6,13,6
1995/1/28,늧,24,4,13
1995/1/29,,12,1,19
1995/1/30,깵,,58,26
1995/1/31,괉,,9,7
1995/2/1,낸,,31,7
1995/2/2,뒞,,10,16
1995/2/3,,,18,16
1995/2/4,늧,,5,5
1995/2/5,,,7,0
1995/2/6,깵,,21,19
1995/2/7,괉,,15,16
1995/2/8,낸,,2,4
1995/2/9,뒞,2,0,7
1995/2/10,,9,20,17
1995/2/11,늧,1,3,7
1995/2/12,,1,2,1
1995/2/13,깵,2,1,4
1995/2/14,괉,6,2,5
1995/2/15,낸,2,3,8
1995/2/16,뒞,5,5,10
1995/2/17,,23,32,10
1995/2/18,늧,15,15,3
1995/2/19,,7,5,4
1995/2/20,깵,9,18,1
1995/2/21,괉,19,29,4
1995/2/22,낸,3,13,5
1995/2/23,뒞,3,2,3
1995/2/24,,3,7,5
1995/2/25,늧,1,4,4
1995/2/26,,5,0,0
1995/2/27,깵,3,7,8
1995/2/28,괉,1,2,1
1995/3/1,낸,4,3,2
1995/12/1,,0,1,0
1995/12/2,늧,0,0,0
1995/12/3,,0,0,0
1995/12/4,깵,0,0,0
1995/12/5,괉,0,0,0
1995/12/6,낸,0,4,0
1995/12/7,뒞,0,5,0
1995/12/8,,6,28,0
1995/12/9,늧,5,9,0
1995/12/10,,0,2,0
1995/12/11,깵,0,1,0
1995/12/12,괉,0,4,0
1995/12/13,낸,0,1,0
1995/12/14,뒞,2,2,0
1995/12/15,,0,0,0
1995/12/16,늧,1,16,0
1995/12/17,,1,12,1
1995/12/18,깵,4,12,0
1995/12/19,괉,0,0,0
1995/12/20,낸,0,1,0
1995/12/21,뒞,1,5,0
1995/12/22,,0,4,0
1995/12/23,늧,0,2,0
1995/12/24,,3,16,0
1995/12/25,깵,1,17,0
1995/12/26,괉,19,51,3
1995/12/27,낸,1,3,6
1995/12/28,뒞,0,0,0
1995/12/29,,1,3,3
1995/12/30,늧,5,14,17
1995/12/31,,2,2,3
1996/1/1,깵,3,17,0
1996/1/2,괉,1,4,2
1996/1/3,낸,2,6,1
1996/1/4,뒞,6,14,0
1996/1/5,,0,1,0
1996/1/6,늧,1,4,0
1996/1/7,,0,7,0
1996/1/8,깵,15,27,1
1996/1/9,괉,42,33,0
1996/1/10,낸,3,12,1
1996/1/11,뒞,6,1,0
1996/1/12,,4,4,0
1996/1/13,늧,0,4,0
1996/1/14,,3,2,0
1996/1/15,깵,3,3,0
1996/1/16,괉,3,1,0
1996/1/17,낸,0,6,0
1996/1/18,뒞,4,18,0
1996/1/19,,2,1,0
1996/1/20,늧,0,5,0
1996/1/21,,6,13,0
1996/1/22,깵,0,3,0
1996/1/23,괉,8,17,5
1996/1/24,낸,7,12,12
1996/1/25,뒞,19,35,24
1996/1/26,,7,16,2
1996/1/27,늧,3,12,8
1996/1/28,,0,1,12
1996/1/29,깵,4,9,8
1996/1/30,괉,45,64,11
1996/1/31,낸,22,37,18
1996/2/1,뒞,34,57,30
1996/2/2,,14,27,7
1996/2/3,늧,7,12,3
1996/2/4,,4,2,2
1996/2/5,깵,0,5,3
1996/2/6,괉,12,13,1
1996/2/7,낸,5,4,5
1996/2/8,뒞,3,1,2
1996/2/9,,30,10,18
1996/2/10,늧,21,25,2
1996/2/11,,3,7,1
1996/2/12,깵,8,0,0
1996/2/13,괉,6,0,1
1996/2/14,낸,15,3,4
1996/2/15,뒞,15,3,4
1996/2/16,,22,11,6
1996/2/17,늧,13,0,4
1996/2/18,,29,16,10
1996/2/19,깵,24,30,
1996/2/20,괉,7,12,
1996/2/21,낸,23,22,
1996/2/22,뒞,15,7,0
1996/2/23,,13,24,19
1996/2/24,늧,23,12,2
1996/2/25,,4,3,5
1996/2/26,깵,18,2,1
1996/2/27,괉,6,6,0
1996/2/28,낸,9,8,0
1996/2/29,뒞,6,2,0
1996/12/1,,36,22,12
1996/12/2,깵,2,11,8
1996/12/3,괉,1,16,2
1996/12/4,낸,2,2,0
1996/12/5,뒞,1,4,0
1996/12/6,,10,25,0
1996/12/7,늧,3,3,0
1996/12/8,,2,6,0
1996/12/9,깵,1,2,1
1996/12/10,괉,0,3,0
1996/12/11,낸,0,5,0
1996/12/12,뒞,0,1,0
1996/12/13,,0,3,0
1996/12/14,늧,0,1,0
1996/12/15,,0,0,0
1996/12/16,깵,0,0,0
1996/12/17,괉,0,0,0
1996/12/18,낸,3,0,0
1996/12/19,뒞,7,8,4
1996/12/20,,5,12,8
1996/12/21,늧,0,1,2
1996/12/22,,0,2,0
1996/12/23,깵,0,6,0
1996/12/24,괉,0,0,0
1996/12/25,낸,0,2,0
1996/12/26,뒞,0,7,0
1996/12/27,,0,5,0
1996/12/28,늧,0,4,0
1996/12/29,,0,0,0
1996/12/30,깵,0,0,0
1996/12/31,괉,0,0,0
1997/1/1,낸,0,0,0
1997/1/2,뒞,0,4,0
1997/1/3,,2,13,0
1997/1/4,늧,5,7,1
1997/1/5,,1,4,0
1997/1/6,깵,0,4,0
1997/1/7,괉,0,4,0
1997/1/8,낸,13,30,1
1997/1/9,뒞,4,31,0
1997/1/10,,2,12,0
1997/1/11,늧,2,13,0
1997/1/12,,1,1,0
1997/1/13,깵,0,3,0
1997/1/14,괉,0,2,0
1997/1/15,낸,3,8,0
1997/1/16,뒞,0,2,0
1997/1/17,,0,2,0
1997/1/18,늧,0,10,0
1997/1/19,,3,12,0
1997/1/20,깵,1,1,0
1997/1/21,괉,61,49,9
1997/1/22,낸,4,9,7
1997/1/23,뒞,0,8,3
1997/1/24,,8,2,12
1997/1/25,늧,33,31,6
1997/1/26,,7,18,7
1997/1/27,깵,4,7,5
1997/1/28,괉,7,1,4
1997/1/29,낸,66,41,3
1997/1/30,뒞,19,33,2
1997/1/31,,9,12,0
1997/2/1,늧,11,30,0
1997/2/2,,0,5,4
1997/2/3,깵,3,3,0
1997/2/4,괉,20,10,7
1997/2/5,낸,4,3,0
1997/2/6,뒞,2,0,0
1997/2/7,,6,10,0
1997/2/8,늧,4,3,0
1997/2/9,,2,2,0
1997/2/10,깵,2,4,0
1997/2/11,괉,1,1,0
1997/2/12,낸,16,25,5
1997/2/13,뒞,19,14,0
1997/2/14,,9,16,9
1997/2/15,늧,2,2,0
1997/2/16,,1,1,0
1997/2/17,깵,17,11,0
1997/2/18,괉,50,25,0
1997/2/19,낸,5,18,4
1997/2/20,뒞,0,2,0
1997/2/21,,5,14,0
1997/2/22,늧,10,10,20
1997/2/23,,2,4,0
1997/2/24,깵,5,1,0
1997/2/25,괉,1,2,3
1997/2/26,낸,3,4,0
1997/2/27,뒞,3,4,0
1997/2/28,,7,4,0
1997/3/1,늧,1,1,0
1997/12/1,깵,0,0,0
1997/12/2,괉,1,11,0
1997/12/3,낸,8,28,0
1997/12/4,뒞,2,7,0
1997/12/5,,0,0,0
1997/12/6,늧,0,2,0
1997/12/7,,0,1,0
1997/12/8,깵,0,0,0
1997/12/9,괉,0,0,0
1997/12/10,낸,0,0,0
1997/12/11,뒞,0,0,1
1997/12/12,,0,6,0
1997/12/13,늧,0,10,0
1997/12/14,,0,2,0
1997/12/15,깵,0,2,0
1997/12/16,괉,0,0,0
1997/12/17,낸,0,0,0
1997/12/18,뒞,0,0,0
1997/12/19,,0,0,0
1997/12/20,늧,0,0,0
1997/12/21,,0,0,0
1997/12/22,깵,0,0,0
1997/12/23,괉,0,0,0
1997/12/24,낸,0,0,0
1997/12/25,뒞,0,0,0
1997/12/26,,0,0,0
1997/12/27,늧,0,0,0
1997/12/28,,0,0,0
1997/12/29,깵,0,0,0
1997/12/30,괉,0,0,0
1997/12/31,낸,0,0,0
1998/1/1,뒞,0,0,0
1998/1/2,,0,0,0
1998/1/3,늧,0,0,0
1998/1/4,,0,0,0
1998/1/5,깵,0,5,0
1998/1/6,괉,0,14,4
1998/1/7,낸,9,37,8
1998/1/8,뒞,25,26,20
1998/1/9,,2,8,6
1998/1/10,늧,2,2,2
1998/1/11,,1,0,1
1998/1/12,깵,6,13,2
1998/1/13,괉,5,4,4
1998/1/14,낸,0,3,2
1998/1/15,뒞,9,11,9
1998/1/16,,0,6,5
1998/1/17,늧,0,2,0
1998/1/18,,0,4,0
1998/1/19,깵,12,29,13
1998/1/20,괉,8,18,7
1998/1/21,낸,5,34,9
1998/1/22,뒞,10,39,14
1998/1/23,,4,3,5
1998/1/24,늧,79,54,22
1998/1/25,,2,15,11
1998/1/26,깵,1,16,21
1998/1/27,괉,16,32,0
1998/1/28,낸,27,15,12
1998/1/29,뒞,6,22,1
1998/1/30,,1,1,4
1998/1/31,늧,2,34,2
1998/2/1,,2,3,4
1998/2/2,깵,2,2,2
1998/2/3,괉,4,0,4
1998/2/4,낸,12,21,2
1998/2/5,뒞,6,21,6
1998/2/6,,2,3,7
1998/2/7,늧,5,4,1
1998/2/8,,15,5,3
1998/2/9,깵,6,27,7
1998/2/10,괉,29,22,4
1998/2/11,낸,2,4,2
1998/2/12,뒞,3,1,2
1998/2/13,,3,1,3
1998/2/14,늧,2,2,2
1998/2/15,,4,12,5
1998/2/16,깵,6,0,0
1998/2/17,괉,20,31,21
1998/2/18,낸,2,2,4
1998/2/19,뒞,4,0,7
1998/2/20,,4,5,1
1998/2/21,늧,4,5,0
1998/2/22,,0,3,0
1998/2/23,깵,0,4,0
1998/2/24,괉,1,3,0
1998/2/25,낸,3,5,0
1998/2/26,뒞,0,7,0
1998/2/27,,0,6,0
1998/2/28,늧,0,6,0
1998/3/1,,0,5,0
1998/12/1,괉,0,0,0
1998/12/2,낸,0,0,0
1998/12/3,뒞,0,0,0
1998/12/4,,0,0,0
1998/12/5,늧,0,0,0
1998/12/6,,0,0,0
1998/12/7,깵,0,0,0
1998/12/8,괉,0,0,0
1998/12/9,낸,0,0,0
1998/12/10,뒞,0,0,0
1998/12/11,,0,0,0
1998/12/12,늧,0,0,0
1998/12/13,,0,0,0
1998/12/14,깵,0,0,0
1998/12/15,괉,0,0,0
1998/12/16,낸,0,0,0
1998/12/17,뒞,0,0,0
1998/12/18,,0,0,0
1998/12/19,늧,0,0,0
1998/12/20,,0,0,0
1998/12/21,깵,0,1,0
1998/12/22,괉,0,0,0
1998/12/23,낸,0,0,0
1998/12/24,뒞,0,0,0
1998/12/25,,0,0,0
1998/12/26,늧,0,0,0
1998/12/27,,0,0,0
1998/12/28,깵,0,0,0
1998/12/29,괉,0,0,0
1998/12/30,낸,0,14,1
1998/12/31,뒞,0,44,0
1999/1/1,,7,14,1
1999/1/2,늧,1,7,1
1999/1/3,,0,8,0
1999/1/4,깵,1,13,0
1999/1/5,괉,0,2,0
1999/1/6,낸,0,2,0
1999/1/7,뒞,20,26,8
1999/1/8,,49,74,9
1999/1/9,늧,11,9,3
1999/1/10,,10,31,2
1999/1/11,깵,1,5,2
1999/1/12,괉,10,12,1
1999/1/13,낸,3,17,1
1999/1/14,뒞,4,20,0
1999/1/15,,2,1,0
1999/1/16,늧,4,9,0
1999/1/17,,1,2,1
1999/1/18,깵,3,4,0
1999/1/19,괉,5,0,0
1999/1/20,낸,15,12,7
1999/1/21,뒞,5,22,4
1999/1/22,,4,3,7
1999/1/23,늧,1,0,0
1999/1/24,,2,1,0
1999/1/25,깵,4,5,0
1999/1/26,괉,1,0,0
1999/1/27,낸,1,4,0
1999/1/28,뒞,3,9,0
1999/1/29,,51,35,34
1999/1/30,늧,3,11,6
1999/1/31,,4,21,0
1999/2/1,깵,2,0,3
1999/2/2,괉,39,38,19
1999/2/3,낸,40,60,17
1999/2/4,뒞,12,6,0
1999/2/5,,6,23,17
1999/2/6,늧,4,18,1
1999/2/7,,0,0,1
1999/2/8,깵,2,1,0
1999/2/9,괉,5,2,3
1999/2/10,낸,9,9,3
1999/2/11,뒞,5,0,1
1999/2/12,,27,35,5
1999/2/13,늧,7,5,1
1999/2/14,,3,49,2
1999/2/15,깵,11,4,2
1999/2/16,괉,2,0,0
1999/2/17,낸,1,0,0
1999/2/18,뒞,6,0,0
1999/2/19,,12,4,0
1999/2/20,늧,39,9,8
1999/2/21,,48,33,4
1999/2/22,깵,0,2,6
1999/2/23,괉,0,19,3
1999/2/24,낸,5,1,0
1999/2/25,뒞,3,2,1
1999/2/26,,2,4,0
1999/2/27,늧,7,15,0
1999/2/28,,3,19,0
1999/3/1,깵,2,1,0
1999/12/1,낸,0,0,0
1999/12/2,뒞,0,0,0
1999/12/3,,0,0,0
1999/12/4,늧,0,0,0
1999/12/5,,0,0,0
1999/12/6,깵,0,0,0
1999/12/7,괉,0,7,0
1999/12/8,낸,0,6,0
1999/12/9,뒞,0,3,0
1999/12/10,,0,0,0
1999/12/11,늧,0,0,0
1999/12/12,,0,14,0
1999/12/13,깵,0,9,0
1999/12/14,괉,2,8,0
1999/12/15,낸,0,2,0
1999/12/16,뒞,0,3,0
1999/12/17,,0,3,0
1999/12/18,늧,20,10,4
1999/12/19,,18,9,8
1999/12/20,깵,6,10,19
1999/12/21,괉,7,37,8
1999/12/22,낸,9,20,5
1999/12/23,뒞,3,23,5
1999/12/24,,1,2,4
1999/12/25,늧,3,5,1
1999/12/26,,3,22,2
1999/12/27,깵,1,2,1
1999/12/28,괉,2,3,1
1999/12/29,낸,2,2,1
1999/12/30,뒞,2,2,2
1999/12/31,,3,6,5
2000/1/1,늧,0,2,2
2000/1/2,,0,2,3
2000/1/3,깵,0,3,0
2000/1/4,괉,0,3,0
2000/1/5,낸,0,1,0
2000/1/6,뒞,0,2,0
2000/1/7,,0,2,0
2000/1/8,늧,0,2,0
2000/1/9,,0,4,0
2000/1/10,깵,0,3,0
2000/1/11,괉,0,2,0
2000/1/12,낸,0,2,0
2000/1/13,뒞,0,2,0
2000/1/14,,0,1,0
2000/1/15,늧,0,1,0
2000/1/16,,0,2,0
2000/1/17,깵,0,2,0
2000/1/18,괉,0,2,0
2000/1/19,낸,0,0,0
2000/1/20,뒞,11,18,4
2000/1/21,,22,22,3
2000/1/22,늧,4,14,3
2000/1/23,,3,1,1
2000/1/24,깵,1,2,0
2000/1/25,괉,18,34,1
2000/1/26,낸,29,31,1
2000/1/27,뒞,55,9,14
2000/1/28,,0,14,2
2000/1/29,늧,2,0,0
2000/1/30,,0,2,0
2000/1/31,깵,6,49,0
2000/2/1,괉,9,14,0
2000/2/2,낸,0,2,4
2000/2/3,뒞,0,4,0
2000/2/4,,4,14,0
2000/2/5,늧,2,2,0
2000/2/6,,2,3,0
2000/2/7,깵,3,2,0
2000/2/8,괉,2,1,0
2000/2/9,낸,5,28,0
2000/2/10,뒞,7,17,0
2000/2/11,,1,3,4
2000/2/12,늧,1,6,1
2000/2/13,,0,7,0
2000/2/14,깵,0,4,0
2000/2/15,괉,33,49,0
2000/2/16,낸,6,17,0
2000/2/17,뒞,25,37,0
2000/2/18,,25,12,1
2000/2/19,늧,2,3,2
2000/2/20,,5,5,0
2000/2/21,깵,4,13,0
2000/2/22,괉,21,15,0
2000/2/23,낸,7,8,1
2000/2/24,뒞,46,41,14
2000/2/25,,3,18,1
2000/2/26,늧,0,0,5
2000/2/27,,5,22,4
2000/2/28,깵,48,24,15
2000/2/29,괉,4,19,4
2000/12/1,,0,0,0
2000/12/2,늧,0,0,0
2000/12/3,,0,0,0
2000/12/4,깵,0,0,0
2000/12/5,괉,0,0,0
2000/12/6,낸,0,0,0
2000/12/7,뒞,0,0,3
2000/12/8,,0,0,0
2000/12/9,늧,0,0,0
2000/12/10,,0,0,0
2000/12/11,깵,0,20,0
2000/12/12,괉,6,30,0
2000/12/13,낸,0,12,0
2000/12/14,뒞,0,2,0
2000/12/15,,0,10,0
2000/12/16,늧,0,2,0
2000/12/17,,0,2,0
2000/12/18,깵,0,2,0
2000/12/19,괉,0,4,0
2000/12/20,낸,0,3,0
2000/12/21,뒞,0,0,0
2000/12/22,,0,0,0
2000/12/23,늧,0,0,0
2000/12/24,,0,11,0
2000/12/25,깵,0,22,1
2000/12/26,괉,2,38,2
2000/12/27,낸,9,21,0
2000/12/28,뒞,6,42,2
2000/12/29,,4,1,0
2000/12/30,늧,0,0,0
2000/12/31,,2,1,0
2001/1/1,깵,0,13,0
2001/1/2,괉,0,8,2
2001/1/3,낸,6,27,19
2001/1/4,뒞,14,13,4
2001/1/5,,6,14,1
2001/1/6,늧,17,7,4
2001/1/7,,1,1,2
2001/1/8,깵,0,11,8
2001/1/9,괉,4,3,3
2001/1/10,낸,4,0,0
2001/1/11,뒞,3,13,0
2001/1/12,,21,48,3
2001/1/13,늧,36,43,11
2001/1/14,,65,16,28
2001/1/15,깵,13,36,10
2001/1/16,괉,17,27,0
2001/1/17,낸,19,34,6
2001/1/18,뒞,0,30,22
2001/1/19,,4,1,2
2001/1/20,늧,1,0,0
2001/1/21,,0,1,0
2001/1/22,깵,5,18,2
2001/1/23,괉,20,18,14
2001/1/24,낸,6,9,1
2001/1/25,뒞,4,7,2
2001/1/26,,2,9,2
2001/1/27,늧,3,9,2
2001/1/28,,3,9,2
2001/1/29,깵,2,23,2
2001/1/30,괉,8,15,15
2001/1/31,낸,8,9,2
2001/2/1,뒞,2,4,1
2001/2/2,,27,37,19
2001/2/3,늧,2,12,0
2001/2/4,,5,2,1
2001/2/5,깵,1,2,5
2001/2/6,괉,6,2,3
2001/2/7,낸,3,1,2
2001/2/8,뒞,11,18,5
2001/2/9,,4,2,2
2001/2/10,늧,20,10,17
2001/2/11,,6,32,8
2001/2/12,깵,4,16,9
2001/2/13,괉,15,4,25
2001/2/14,낸,24,9,29
2001/2/15,뒞,5,18,9
2001/2/16,,5,21,2
2001/2/17,늧,5,1,6
2001/2/18,,2,1,3
2001/2/19,깵,3,9,1
2001/2/20,괉,1,3,2
2001/2/21,낸,4,2,3
2001/2/22,뒞,2,2,1
2001/2/23,,8,6,2
2001/2/24,늧,7,13,4
2001/2/25,,14,25,6
2001/2/26,깵,6,10,1
2001/2/27,괉,2,0,1
2001/2/28,낸,3,1,5
2001/3/1,뒞,9,8,1
2001/12/1,늧,0,0,0
2001/12/2,,0,0,0
2001/12/3,깵,0,0,0
2001/12/4,괉,0,0,0
2001/12/5,낸,0,0,0
2001/12/6,뒞,0,0,0
2001/12/7,,0,4,0
2001/12/8,늧,0,0,0
2001/12/9,,0,1,0
2001/12/10,깵,0,15,0
2001/12/11,괉,1,5,0
2001/12/12,낸,0,1,0
2001/12/13,뒞,0,3,0
2001/12/14,,3,19,0
2001/12/15,늧,6,19,0
2001/12/16,,5,4,0
2001/12/17,깵,6,5,1
2001/12/18,괉,10,17,4
2001/12/19,낸,17,13,0
2001/12/20,뒞,8,11,1
2001/12/21,,1,1,0
2001/12/22,늧,3,9,0
2001/12/23,,2,3,0
2001/12/24,깵,2,2,0
2001/12/25,괉,2,3,0
2001/12/26,낸,0,8,0
2001/12/27,뒞,2,6,0
2001/12/28,,14,14,11
2001/12/29,늧,2,5,3
2001/12/30,,12,22,2
2001/12/31,깵,3,13,0
2002/1/1,괉,8,4,0
2002/1/2,낸,53,43,30
2002/1/3,뒞,9,12,1
2002/1/4,,0,8,5
2002/1/5,늧,12,29,1
2002/1/6,,13,11,8
2002/1/7,깵,2,4,0
2002/1/8,괉,9,8,8
2002/1/9,낸,3,13,3
2002/1/10,뒞,1,4,2
2002/1/11,,2,2,5
2002/1/12,늧,3,3,1
2002/1/13,,3,2,0
2002/1/14,깵,4,3,0
2002/1/15,괉,1,3,0
2002/1/16,낸,3,3,0
2002/1/17,뒞,4,3,0
2002/1/18,,6,16,0
2002/1/19,늧,0,3,0
2002/1/20,,3,4,0
2002/1/21,깵,1,4,0
2002/1/22,괉,2,4,0
2002/1/23,낸,8,10,11
2002/1/24,뒞,12,35,0
2002/1/25,,7,13,1
2002/1/26,늧,4,1,1
2002/1/27,,3,5,0
2002/1/28,깵,6,36,0
2002/1/29,괉,30,40,14
2002/1/30,낸,7,17,9
2002/1/31,뒞,6,27,7
2002/2/1,,3,3,4
2002/2/2,늧,2,0,4
2002/2/3,,3,1,0
2002/2/4,깵,3,0,0
2002/2/5,괉,8,1,0
2002/2/6,낸,4,3,0
2002/2/7,뒞,4,3,0
2002/2/8,,5,1,0
2002/2/9,늧,26,27,2
2002/2/10,,8,10,5
2002/2/11,깵,22,40,24
2002/2/12,괉,19,30,1
2002/2/13,낸,26,7,8
2002/2/14,뒞,14,21,2
2002/2/15,,11,29,2
2002/2/16,늧,0,0,4
2002/2/17,,3,1,2
2002/2/18,깵,4,11,0
2002/2/19,괉,6,14,3
2002/2/20,낸,0,2,0
2002/2/21,뒞,5,4,0
2002/2/22,,1,0,0
2002/2/23,늧,3,0,0
2002/2/24,,3,1,0
2002/2/25,깵,4,1,0
2002/2/26,괉,0,3,0
2002/2/27,낸,2,3,0
2002/2/28,뒞,0,3,0
2002/3/1,,0,2,0
2002/12/1,,0,0,0
2002/12/2,깵,0,0,0
2002/12/3,괉,0,0,0
2002/12/4,낸,0,0,0
2002/12/5,뒞,0,0,0
2002/12/6,,0,0,0
2002/12/7,늧,0,0,0
2002/12/8,,0,0,0
2002/12/9,깵,0,13,2
2002/12/10,괉,33,11,25
2002/12/11,낸,39,43,18
2002/12/12,뒞,1,10,10
2002/12/13,,5,27,6
2002/12/14,늧,1,0,0
2002/12/15,,2,1,2
2002/12/16,깵,2,2,3
2002/12/17,괉,3,1,1
2002/12/18,낸,0,7,0
2002/12/19,뒞,0,4,0
2002/12/20,,0,3,0
2002/12/21,늧,0,1,0
2002/12/22,,0,1,0
2002/12/23,깵,0,1,0
2002/12/24,괉,0,2,0
2002/12/25,낸,0,10,0
2002/12/26,뒞,1,20,2
2002/12/27,,5,23,3
2002/12/28,늧,0,1,1
2002/12/29,,1,30,0
2002/12/30,깵,0,4,0
2002/12/31,괉,0,3,8
2003/1/1,낸,0,2,0
2003/1/2,뒞,40,28,7
2003/1/3,,3,0,3
2003/1/4,늧,18,4,18
2003/1/5,,51,68,6
2003/1/6,깵,7,18,0
2003/1/7,괉,10,9,16
2003/1/8,낸,2,4,4
2003/1/9,뒞,0,1,4
2003/1/10,,4,3,2
2003/1/11,늧,2,0,3
2003/1/12,,3,5,2
2003/1/13,깵,0,3,0
2003/1/14,괉,7,12,0
2003/1/15,낸,8,19,3
2003/1/16,뒞,4,2,6
2003/1/17,,5,2,0
2003/1/18,늧,9,7,0
2003/1/19,,3,2,0
2003/1/20,깵,2,3,1
2003/1/21,괉,15,42,7
2003/1/22,낸,5,6,2
2003/1/23,뒞,6,5,1
2003/1/24,,5,12,1
2003/1/25,늧,6,10,3
2003/1/26,,3,1,0
2003/1/27,깵,3,1,0
2003/1/28,괉,6,3,2
2003/1/29,낸,40,13,18
2003/1/30,뒞,23,18,2
2003/1/31,,11,37,4
2003/2/1,늧,17,9,3
2003/2/2,,4,1,5
2003/2/3,깵,10,15,3
2003/2/4,괉,2,3,3
2003/2/5,낸,17,8,13
2003/2/6,뒞,6,10,2
2003/2/7,,3,2,3
2003/2/8,늧,1,2,1
2003/2/9,,7,1,0
2003/2/10,깵,5,5,0
2003/2/11,괉,2,2,0
2003/2/12,낸,5,15,0
2003/2/13,뒞,4,3,3
2003/2/14,,11,39,1
2003/2/15,늧,3,0,0
2003/2/16,,5,4,0
2003/2/17,깵,6,0,0
2003/2/18,괉,2,4,0
2003/2/19,낸,2,5,0
2003/2/20,뒞,2,5,0
2003/2/21,,3,15,0
2003/2/22,늧,3,2,0
2003/2/23,,5,5,0
2003/2/24,깵,2,3,0
2003/2/25,괉,5,8,0
2003/2/26,낸,3,7,0
2003/2/27,뒞,6,13,0
2003/2/28,,0,4,0
2003/3/1,늧,0,3,0
2003/12/1,깵,0,0,0
2003/12/2,괉,0,0,0
2003/12/3,낸,0,0,0
2003/12/4,뒞,0,0,0
2003/12/5,,0,0,0
2003/12/6,늧,0,0,0
2003/12/7,,0,11,0
2003/12/8,깵,0,7,0
2003/12/9,괉,0,3,0
2003/12/10,낸,0,0,0
2003/12/11,뒞,0,0,0
2003/12/12,,0,0,0
2003/12/13,늧,0,0,0
2003/12/14,,0,0,0
2003/12/15,깵,0,0,0
2003/12/16,괉,0,2,0
2003/12/17,낸,0,0,0
2003/12/18,뒞,0,0,0
2003/12/19,,0,18,0
2003/12/20,늧,8,23,0
2003/12/21,,0,6,0
2003/12/22,깵,0,5,0
2003/12/23,괉,0,3,0
2003/12/24,낸,0,4,0
2003/12/25,뒞,0,2,0
2003/12/26,,3,7,1
2003/12/27,늧,5,19,2
2003/12/28,,5,17,0
2003/12/29,깵,0,2,0
2003/12/30,괉,0,0,0
2003/12/31,낸,0,3,0
2004/1/1,뒞,0,1,0
2004/1/2,,0,2,0
2004/1/3,늧,0,2,0
2004/1/4,,0,3,0
2004/1/5,깵,0,7,0
2004/1/6,괉,0,17,0
2004/1/7,낸,0,3,0
2004/1/8,뒞,0,15,0
2004/1/9,,0,3,0
2004/1/10,늧,0,7,0
2004/1/11,,4,19,0
2004/1/12,깵,0,0,0
2004/1/13,괉,0,6,0
2004/1/14,낸,0,32,1
2004/1/15,뒞,5,9,1
2004/1/16,,18,7,1
2004/1/17,늧,1,2,0
2004/1/18,,1,2,0
2004/1/19,깵,0,5,0
2004/1/20,괉,0,0,0
2004/1/21,낸,0,5,0
2004/1/22,뒞,9,14,19
2004/1/23,,40,47,0
2004/1/24,늧,17,8,8
2004/1/25,,38,12,11
2004/1/26,깵,10,52,5
2004/1/27,괉,22,12,26
2004/1/28,낸,2,3,0
2004/1/29,뒞,2,5,1
2004/1/30,,2,8,1
2004/1/31,늧,2,6,0
2004/2/1,,3,4,3
2004/2/2,깵,1,4,2
2004/2/3,괉,5,6,2
2004/2/4,낸,9,31,15
2004/2/5,뒞,9,29,15
2004/2/6,,14,17,27
2004/2/7,늧,28,43,2
2004/2/8,,5,13,7
2004/2/9,깵,10,15,0
2004/2/10,괉,2,1,2
2004/2/11,낸,1,4,5
2004/2/12,뒞,2,3,3
2004/2/13,,2,1,2
2004/2/14,늧,3,2,2
2004/2/15,,3,18,0
2004/2/16,깵,5,15,3
2004/2/17,괉,1,1,0
2004/2/18,낸,1,2,0
2004/2/19,뒞,5,1,0
2004/2/20,,2,2,0
2004/2/21,늧,1,0,0
2004/2/22,,1,4,0
2004/2/23,깵,0,9,0
2004/2/24,괉,0,6,0
2004/2/25,낸,0,7,0
2004/2/26,뒞,0,18,0
2004/2/27,,4,29,1
2004/2/28,늧,0,1,0
2004/2/29,,0,1,0
2004/12/1,낸,0,0,0
2004/12/2,뒞,0,0,0
2004/12/3,,0,0,0
2004/12/4,늧,0,0,0
2004/12/5,,0,0,0
2004/12/6,깵,0,3,0
2004/12/7,괉,0,0,0
2004/12/8,낸,0,0,0
2004/12/9,뒞,0,0,0
2004/12/10,,0,0,0
2004/12/11,늧,0,0,0
2004/12/12,,0,0,0
2004/12/13,깵,0,0,0
2004/12/14,괉,0,0,0
2004/12/15,낸,0,0,0
2004/12/16,뒞,0,0,0
2004/12/17,,0,0,0
2004/12/18,늧,0,0,0
2004/12/19,,0,0,0
2004/12/20,깵,0,0,0
2004/12/21,괉,0,2,0
2004/12/22,낸,1,16,0
2004/12/23,뒞,5,28,0
2004/12/24,,1,12,0
2004/12/25,늧,0,1,0
2004/12/26,,7,7,0
2004/12/27,깵,17,20,8
2004/12/28,괉,3,12,4
2004/12/29,낸,2,3,2
2004/12/30,뒞,6,33,0
2004/12/31,,4,16,6
2005/1/1,늧,5,21,5
2005/1/2,,9,6,1
2005/1/3,깵,2,0,2
2005/1/4,괉,1,17,0
2005/1/5,낸,7,9,0
2005/1/6,뒞,3,0,0
2005/1/7,,2,12,0
2005/1/8,늧,0,7,1
2005/1/9,,22,56,9
2005/1/10,깵,14,34,14
2005/1/11,괉,13,37,16
2005/1/12,낸,14,48,16
2005/1/13,뒞,4,19,4
2005/1/14,,5,6,1
2005/1/15,늧,1,16,0
2005/1/16,,3,36,3
2005/1/17,깵,2,21,0
2005/1/18,괉,2,10,0
2005/1/19,낸,0,16,0
2005/1/20,뒞,9,11,0
2005/1/21,,6,39,0
2005/1/22,늧,7,9,0
2005/1/23,,1,0,0
2005/1/24,깵,1,1,0
2005/1/25,괉,1,11,0
2005/1/26,낸,4,13,0
2005/1/27,뒞,5,10,0
2005/1/28,,3,4,0
2005/1/29,늧,2,2,0
2005/1/30,,3,35,0
2005/1/31,깵,17,54,32
2005/2/1,괉,64,74,21
2005/2/2,낸,10,7,2
2005/2/3,뒞,14,19,1
2005/2/4,,7,33,3
2005/2/5,늧,1,8,0
2005/2/6,,8,5,1
2005/2/7,깵,1,0,3
2005/2/8,괉,1,1,1
2005/2/9,낸,0,1,7
2005/2/10,뒞,17,22,3
2005/2/11,,22,36,0
2005/2/12,늧,12,10,3
2005/2/13,,5,11,16
2005/2/14,깵,2,11,2
2005/2/15,괉,0,0,1
2005/2/16,낸,1,1,1
2005/2/17,뒞,6,5,0
2005/2/18,,1,1,0
2005/2/19,늧,5,4,0
2005/2/20,,26,20,0
2005/2/21,깵,6,1,37
2005/2/22,괉,8,1,13
2005/2/23,낸,2,2,6
2005/2/24,뒞,6,6,2
2005/2/25,,7,4,4
2005/2/26,늧,14,44,4
2005/2/27,,9,10,3
2005/2/28,깵,11,8,12
2005/3/1,괉,9,20,5
2005/12/1,뒞,0,0,0
2005/12/2,,0,5,0
2005/12/3,늧,0,18,0
2005/12/4,,0,0,0
2005/12/5,깵,0,2,0
2005/12/6,괉,0,1,0
2005/12/7,낸,0,0,0
2005/12/8,뒞,0,0,0
2005/12/9,,0,0,0
2005/12/10,늧,0,15,0
2005/12/11,,11,46,0
2005/12/12,깵,11,19,2
2005/12/13,괉,18,45,0
2005/12/14,낸,22,49,0
2005/12/15,뒞,3,0,0
2005/12/16,,1,0,10
2005/12/17,늧,21,20,8
2005/12/18,,38,41,14
2005/12/19,깵,7,14,2
2005/12/20,괉,1,10,0
2005/12/21,낸,0,10,2
2005/12/22,뒞,12,27,10
2005/12/23,,7,43,3
2005/12/24,늧,23,49,6
2005/12/25,,0,6,9
2005/12/26,깵,9,22,4
2005/12/27,괉,11,26,1
2005/12/28,낸,21,14,1
2005/12/29,뒞,12,9,3
2005/12/30,,2,3,4
2005/12/31,늧,3,14,3
2006/1/1,,3,1,1
2006/1/2,깵,2,8,4
2006/1/3,괉,11,37,16
2006/1/4,낸,21,33,4
2006/1/5,뒞,7,18,14
2006/1/6,,4,15,0
2006/1/7,늧,29,12,8
2006/1/8,,9,19,3
2006/1/9,깵,8,0,2
2006/1/10,괉,1,10,10
2006/1/11,낸,22,32,3
2006/1/12,뒞,4,11,2
2006/1/13,,2,0,3
2006/1/14,늧,2,1,4
2006/1/15,,1,0,3
2006/1/16,깵,1,0,5
2006/1/17,괉,9,17,3
2006/1/18,낸,4,8,1
2006/1/19,뒞,3,8,0
2006/1/20,,2,8,1
2006/1/21,늧,5,5,0
2006/1/22,,7,36,4
2006/1/23,깵,10,17,5
2006/1/24,괉,12,18,1
2006/1/25,낸,14,19,0
2006/1/26,뒞,1,12,0
2006/1/27,,17,16,0
2006/1/28,늧,0,9,0
2006/1/29,,2,2,0
2006/1/30,깵,4,1,0
2006/1/31,괉,4,6,0
2006/2/1,낸,6,19,0
2006/2/2,뒞,10,17,0
2006/2/3,,12,30,1
2006/2/4,늧,9,12,4
2006/2/5,,16,23,2
2006/2/6,깵,3,0,2
2006/2/7,괉,4,0,1
2006/2/8,낸,31,25,0
2006/2/9,뒞,2,21,1
2006/2/10,,0,0,0
2006/2/11,늧,13,9,7
2006/2/12,,13,26,10
2006/2/13,깵,2,0,2
2006/2/14,괉,0,1,0
2006/2/15,낸,1,1,0
2006/2/16,뒞,4,3,0
2006/2/17,,16,20,0
2006/2/18,늧,0,0,0
2006/2/19,,3,1,0
2006/2/20,깵,4,3,0
2006/2/21,괉,5,2,0
2006/2/22,낸,3,5,0
2006/2/23,뒞,4,1,0
2006/2/24,,2,1,0
2006/2/25,늧,0,5,0
2006/2/26,,5,2,0
2006/2/27,깵,7,3,0
2006/2/28,괉,1,3,0
2006/3/1,낸,5,7,0
2006/12/1,,0,0,0
2006/12/2,늧,0,6,0
2006/12/3,,8,19,0
2006/12/4,깵,3,14,0
2006/12/5,괉,0,3,0
2006/12/6,낸,0,4,0
2006/12/7,뒞,0,3,0
2006/12/8,,0,4,0
2006/12/9,늧,0,2,0
2006/12/10,,0,5,0
2006/12/11,깵,0,3,0
2006/12/12,괉,0,4,0
2006/12/13,낸,0,0,0
2006/12/14,뒞,0,0,0
2006/12/15,,0,0,0
2006/12/16,늧,0,0,0
2006/12/17,,0,1,0
2006/12/18,깵,0,6,0
2006/12/19,괉,0,2,0
2006/12/20,낸,0,0,0
2006/12/21,뒞,0,0,0
2006/12/22,,0,0,0
2006/12/23,늧,0,0,0
2006/12/24,,0,0,0
2006/12/25,깵,0,0,0
2006/12/26,괉,0,0,0
2006/12/27,낸,0,0,0
2006/12/28,뒞,0,28,0
2006/12/29,,11,31,2
2006/12/30,늧,2,16,0
2006/12/31,,1,4,0
2007/1/1,깵,2,3,0
2007/1/2,괉,0,0,0
2007/1/3,낸,0,3,0
2007/1/4,뒞,0,1,0
2007/1/5,,0,3,0
2007/1/6,늧,0,3,0
2007/1/7,,0,6,0
2007/1/8,깵,0,6,0
2007/1/9,괉,5,10,0
2007/1/10,낸,2,12,0
2007/1/11,뒞,3,17,0
2007/1/12,,2,4,0
2007/1/13,늧,12,22,0
2007/1/14,,2,17,0
2007/1/15,깵,3,2,0
2007/1/16,괉,3,3,0
2007/1/17,낸,1,1,0
2007/1/18,뒞,0,5,0
2007/1/19,,0,4,0
2007/1/20,늧,0,2,0
2007/1/21,,0,2,0
2007/1/22,깵,0,4,0
2007/1/23,괉,0,3,0
2007/1/24,낸,0,2,0
2007/1/25,뒞,0,4,0
2007/1/26,,0,2,0
2007/1/27,늧,0,3,0
2007/1/28,,0,1,0
2007/1/29,깵,0,1,0
2007/1/30,괉,0,4,0
2007/1/31,낸,0,3,0
2007/2/1,뒞,11,24,0
2007/2/2,,7,25,0
2007/2/3,늧,3,5,0
2007/2/4,,0,3,0
2007/2/5,깵,1,3,0
2007/2/6,괉,0,5,0
2007/2/7,낸,0,0,0
2007/2/8,뒞,0,1,0
2007/2/9,,0,4,0
2007/2/10,늧,0,3,0
2007/2/11,,0,10,0
2007/2/12,깵,0,6,0
2007/2/13,괉,0,4,0
2007/2/14,낸,0,1,0
2007/2/15,뒞,0,17,0
2007/2/16,,0,1,0
2007/2/17,늧,0,2,0
2007/2/18,,0,1,0
2007/2/19,깵,0,1,0
2007/2/20,괉,0,2,0
2007/2/21,낸,0,0,0
2007/2/22,뒞,0,2,0
2007/2/23,,0,3,0
2007/2/24,늧,0,3,0
2007/2/25,,0,7,0
2007/2/26,깵,0,1,0
2007/2/27,괉,0,2,0
2007/2/28,낸,0,3,0
2007/3/1,뒞,0,0,0
2007/12/1,늧,0,0,0
2007/12/2,,0,0,0
2007/12/3,깵,0,0,0
2007/12/4,괉,3,13,0
2007/12/5,낸,8,4,0
2007/12/6,뒞,2,2,0
2007/12/7,,0,0,
2007/12/8,늧,0,1,0
2007/12/9,,0,0,0
2007/12/10,깵,0,0,0
2007/12/11,괉,0,0,0
2007/12/12,낸,0,0,0
2007/12/13,뒞,0,0,
2007/12/14,,0,0,
2007/12/15,늧,0,2,0
2007/12/16,,0,9,0
2007/12/17,깵,0,3,0
2007/12/18,괉,1,4,0
2007/12/19,낸,0,4,0
2007/12/20,뒞,0,1,0
2007/12/21,,0,0,0
2007/12/22,늧,0,0,0
2007/12/23,,0,0,0
2007/12/24,깵,0,0,0
2007/12/25,괉,,0,0
2007/12/26,낸,,0,0
2007/12/27,뒞,0,0,0
2007/12/28,,0,0,0
2007/12/29,늧,0,0,0
2007/12/30,,15,20,0
2007/12/31,깵,14,36,17
2008/1/1,괉,14,41,5
2008/1/2,낸,3,18,1
2008/1/3,뒞,8,15,0
2008/1/4,,0,4,0
2008/1/5,늧,2,1,0
2008/1/6,,1,4,0
2008/1/7,깵,4,6,0
2008/1/8,괉,4,6,0
2008/1/9,낸,3,9,0
2008/1/10,뒞,2,13,0
2008/1/11,,1,3,0
2008/1/12,늧,5,14,2
2008/1/13,,2,21,1
2008/1/14,깵,21,19,1
2008/1/15,괉,1,1,0
2008/1/16,낸,21,5,30
2008/1/17,뒞,29,34,4
2008/1/18,,10,10,1
2008/1/19,늧,3,16,5
2008/1/20,,2,1,4
2008/1/21,깵,1,0,5
2008/1/22,괉,4,1,2
2008/1/23,낸,0,2,0
2008/1/24,뒞,5,22,0
2008/1/25,,11,24,3
2008/1/26,늧,11,25,2
2008/1/27,,14,6,0
2008/1/28,깵,1,0,0
2008/1/29,괉,1,0,0
2008/1/30,낸,3,2,2
2008/1/31,뒞,11,23,5
2008/2/1,,8,15,0
2008/2/2,늧,2,1,0
2008/2/3,,3,5,0
2008/2/4,깵,3,2,0
2008/2/5,괉,7,14,0
2008/2/6,낸,6,5,0
2008/2/7,뒞,12,14,12
2008/2/8,,12,14,2
2008/2/9,늧,4,7,0
2008/2/10,,2,4,0
2008/2/11,깵,2,2,0
2008/2/12,괉,7,14,0
2008/2/13,낸,14,13,0
2008/2/14,뒞,8,17,0
2008/2/15,,14,34,7
2008/2/16,늧,17,34,1
2008/2/17,,11,20,0
2008/2/18,깵,9,21,0
2008/2/19,괉,0,0,0
2008/2/20,낸,1,11,0
2008/2/21,뒞,3,3,0
2008/2/22,,2,2,0
2008/2/23,늧,3,10,0
2008/2/24,,18,22,3
2008/2/25,깵,4,7,3
2008/2/26,괉,4,2,0
2008/2/27,낸,24,33,0
2008/2/28,뒞,2,9,0
2008/2/29,,4,0,0
2008/12/1,깵,0,0,0
2008/12/2,괉,0,0,0
2008/12/3,낸,0,0,0
2008/12/4,뒞,0,0,0
2008/12/5,,0,0,0
2008/12/6,늧,0,6,0
2008/12/7,,0,18,0
2008/12/8,깵,0,2,0
2008/12/9,괉,0,5,0
2008/12/10,낸,0,0,0
2008/12/11,뒞,0,0,0
2008/12/12,,0,0,0
2008/12/13,늧,0,0,0
2008/12/14,,0,0,0
2008/12/15,깵,0,0,0
2008/12/16,괉,0,0,0
2008/12/17,낸,0,0,0
2008/12/18,뒞,0,0,0
2008/12/19,,0,0,0
2008/12/20,늧,0,0,0
2008/12/21,,0,0,0
2008/12/22,깵,6,0,0
2008/12/23,괉,7,0,0
2008/12/24,낸,0,0,0
2008/12/25,뒞,0,5,0
2008/12/26,,14,26,0
2008/12/27,늧,9,11,0
2008/12/28,,2,9,0
2008/12/29,깵,4,2,0
2008/12/30,괉,0,8,0
2008/12/31,낸,0,20,0
2009/1/1,뒞,8,19,0
2009/1/2,,4,8,0
2009/1/3,늧,2,4,0
2009/1/4,,0,2,0
2009/1/5,깵,0,2,0
2009/1/6,괉,0,2,0
2009/1/7,낸,1,3,0
2009/1/8,뒞,0,1,0
2009/1/9,,0,2,0
2009/1/10,늧,0,14,0
2009/1/11,,0,11,0
2009/1/12,깵,9,7,10
2009/1/13,괉,17,17,10
2009/1/14,낸,4,14,5
2009/1/15,뒞,14,15,4
2009/1/16,,2,1,23
2009/1/17,늧,2,6,1
2009/1/18,,4,2,7
2009/1/19,깵,1,3,1
2009/1/20,괉,0,4,0
2009/1/21,낸,0,2,0
2009/1/22,뒞,0,3,0
2009/1/23,,0,3,0
2009/1/24,늧,35,27,16
2009/1/25,,0,4,3
2009/1/26,깵,0,2,4
2009/1/27,괉,8,9,2
2009/1/28,낸,2,2,2
2009/1/29,뒞,5,4,0
2009/1/30,,0,4,0
2009/1/31,늧,0,1,0
2009/2/1,,0,7,0
2009/2/2,깵,0,3,0
2009/2/3,괉,0,2,0
2009/2/4,낸,0,6,0
2009/2/5,뒞,0,4,0
2009/2/6,,0,3,0
2009/2/7,늧,0,1,0
2009/2/8,,0,3,0
2009/2/9,깵,0,3,0
2009/2/10,괉,0,3,0
2009/2/11,낸,0,2,0
2009/2/12,뒞,1,7,0
2009/2/13,,0,4,0
2009/2/14,늧,0,6,0
2009/2/15,,0,0,0
2009/2/16,깵,24,44,1
2009/2/17,괉,3,13,28
2009/2/18,낸,17,31,12
2009/2/19,뒞,6,11,1
2009/2/20,,4,6,1
2009/2/21,늧,6,11,0
2009/2/22,,2,0,0
2009/2/23,깵,0,2,0
2009/2/24,괉,0,2,0
2009/2/25,낸,0,3,0
2009/2/26,뒞,0,2,0
2009/2/27,,0,3,0
2009/2/28,늧,0,4,0
2009/3/1,,0,7,0
2009/12/1,괉,0,0,0
2009/12/2,낸,0,0,0
2009/12/3,뒞,0,0,0
2009/12/4,,0,0,0
2009/12/5,늧,0,0,0
2009/12/6,,0,0,0
2009/12/7,깵,0,0,0
2009/12/8,괉,0,0,0
2009/12/9,낸,0,0,0
2009/12/10,뒞,0,0,0
2009/12/11,,0,0,0
2009/12/12,늧,0,0,0
2009/12/13,,0,0,0
2009/12/14,깵,0,5,2
2009/12/15,괉,0,3,2
2009/12/16,낸,0,0,1
2009/12/17,뒞,4,0,27
2009/12/18,,50,66,33
2009/12/19,늧,10,41,1
2009/12/20,,4,8,9
2009/12/21,깵,22,23,3
2009/12/22,괉,4,0,9
2009/12/23,낸,3,0,3
2009/12/24,뒞,4,0,4
2009/12/25,,3,1,3
2009/12/26,늧,7,0,6
2009/12/27,,3,0,4
2009/12/28,깵,0,11,1
2009/12/29,괉,2,1,0
2009/12/30,낸,0,0,0
2009/12/31,뒞,23,43,1
2010/1/1,,13,13,0
2010/1/2,늧,6,12,0
2010/1/3,,16,32,13
2010/1/4,깵,9,3,4
2010/1/5,괉,5,2,3
2010/1/6,낸,11,14,0
2010/1/7,뒞,4,22,0
2010/1/8,,6,15,0
2010/1/9,늧,5,13,1
2010/1/10,,9,20,0
2010/1/11,깵,3,0,0
2010/1/12,괉,2,0,0
2010/1/13,낸,49,83,13
2010/1/14,뒞,46,58,9
2010/1/15,,34,68,21
2010/1/16,늧,0,12,1
2010/1/17,,5,11,3
2010/1/18,깵,1,0,1
2010/1/19,괉,0,0,0
2010/1/20,낸,0,0,0
2010/1/21,뒞,2,4,5
2010/1/22,,4,23,8
2010/1/23,늧,19,38,8
2010/1/24,,1,3,4
2010/1/25,깵,1,4,1
2010/1/26,괉,5,9,0
2010/1/27,낸,0,0,0
2010/1/28,뒞,0,0,0
2010/1/29,,11,5,0
2010/1/30,늧,5,0,0
2010/1/31,,4,0,0
2010/2/1,깵,4,11,1
2010/2/2,괉,3,8,0
2010/2/3,낸,62,17,15
2010/2/4,뒞,35,9,31
2010/2/5,,11,59,29
2010/2/6,늧,4,16,5
2010/2/7,,1,3,7
2010/2/8,깵,0,0,1
2010/2/9,괉,0,0,1
2010/2/10,낸,5,8,10
2010/2/11,뒞,16,12,15
2010/2/12,,14,5,17
2010/2/13,늧,17,2,5
2010/2/14,,1,1,1
2010/2/15,깵,0,0,0
2010/2/16,괉,25,6,14
2010/2/17,낸,14,6,8
2010/2/18,뒞,1,3,2
2010/2/19,,2,22,7
2010/2/20,늧,2,13,9
2010/2/21,,0,1,1
2010/2/22,깵,0,0,0
2010/2/23,괉,0,0,0
2010/2/24,낸,0,0,0
2010/2/25,뒞,0,0,0
2010/2/26,,0,0,0
2010/2/27,늧,0,0,0
2010/2/28,,0,3,0
2010/3/1,깵,2,0,0
2010/12/1,낸,0,0,0
2010/12/2,뒞,0,0,0
2010/12/3,,0,0,0
2010/12/4,늧,0,0,0
2010/12/5,,0,0,0
2010/12/6,깵,0,0,0
2010/12/7,괉,0,0,0
2010/12/8,낸,0,0,0
2010/12/9,뒞,0,0,0
2010/12/10,,0,0,0
2010/12/11,늧,0,0,0
2010/12/12,,0,0,0
2010/12/13,깵,0,0,0
2010/12/14,괉,0,0,0
2010/12/15,낸,18,30,0
2010/12/16,뒞,3,6,0
2010/12/17,,3,1,0
2010/12/18,늧,0,6,0
2010/12/19,,0,0,0
2010/12/20,깵,0,0,0
2010/12/21,괉,0,0,0
2010/12/22,낸,0,0,0
2010/12/23,뒞,0,0,0
2010/12/24,,9,43,0
2010/12/25,늧,31,33,0
2010/12/26,,1,0,1
2010/12/27,깵,4,0,11
2010/12/28,괉,0,0,3
2010/12/29,낸,5,17,0
2010/12/30,뒞,0,1,2
2010/12/31,,6,9,5
2011/1/1,늧,2,19,0
2011/1/2,,6,2,0
2011/1/3,깵,5,2,0
2011/1/4,괉,2,14,0
2011/1/5,낸,1,3,0
2011/1/6,뒞,6,49,0
2011/1/7,,12,22,6
2011/1/8,늧,0,24,2
2011/1/9,,8,32,17
2011/1/10,깵,13,10,5
2011/1/11,괉,14,11,1
2011/1/12,낸,4,19,13
2011/1/13,뒞,22,8,2
2011/1/14,,17,12,11
2011/1/15,늧,33,17,22
2011/1/16,,38,21,7
2011/1/17,깵,7,17,0
2011/1/18,괉,5,23,3
2011/1/19,낸,3,31,8
2011/1/20,뒞,21,40,7
2011/1/21,,5,6,2
2011/1/22,늧,29,39,14
2011/1/23,,10,8,12
2011/1/24,깵,14,0,11
2011/1/25,괉,12,16,3
2011/1/26,낸,17,17,7
2011/1/27,뒞,0,29,16
2011/1/28,,10,7,1
2011/1/29,늧,10,12,16
2011/1/30,,20,39,6
2011/1/31,깵,15,9,4
2011/2/1,괉,0,2,0
2011/2/2,낸,0,0,0
2011/2/3,뒞,,0,0
2011/2/4,,2,0,
2011/2/5,늧,2,0,
2011/2/6,,0,0,0
2011/2/7,깵,2,1,0
2011/2/8,괉,0,0,0
2011/2/9,낸,2,3,4
2011/2/10,뒞,8,14,4
2011/2/11,,0,0,2
2011/2/12,늧,8,7,10
2011/2/13,,5,28,8
2011/2/14,깵,1,8,5
2011/2/15,괉,3,11,5
2011/2/16,낸,0,0,0
2011/2/17,뒞,0,0,0
2011/2/18,,0,6,0
2011/2/19,늧,0,0,0
2011/2/20,,0,0,0
2011/2/21,깵,0,0,0
2011/2/22,괉,0,0,0
2011/2/23,낸,,0,0
2011/2/24,뒞,0,0,0
2011/2/25,,6,10,0
2011/2/26,늧,2,2,0
2011/2/27,,1,0,0
2011/2/28,깵,2,0,0
2011/3/1,괉,0,0,0
2011/12/1,뒞,0,0,0
2011/12/2,,0,0,0
2011/12/3,늧,0,0,0
2011/12/4,,0,0,0
2011/12/5,깵,0,0,0
2011/12/6,괉,0,0,0
2011/12/7,낸,0,0,0
2011/12/8,뒞,0,0,0
2011/12/9,,2,4,0
2011/12/10,늧,1,5,0
2011/12/11,,0,0,0
2011/12/12,깵,1,0,0
2011/12/13,괉,0,0,0
2011/12/14,낸,0,0,0
2011/12/15,뒞,0,0,0
2011/12/16,,1,29,12
2011/12/17,늧,1,9,4
2011/12/18,,3,11,5
2011/12/19,깵,4,8,12
2011/12/20,괉,6,15,4
2011/12/21,낸,2,0,3
2011/12/22,뒞,0,4,0
2011/12/23,,3,20,2
2011/12/24,늧,33,37,7
2011/12/25,,53,48,6
2011/12/26,깵,13,2,4
2011/12/27,괉,10,8,4
2011/12/28,낸,4,10,0
2011/12/29,뒞,2,7,11
2011/12/30,,11,8,3
2011/12/31,늧,7,8,2
2012/1/1,,4,0,0
2012/1/2,깵,12,5,4
2012/1/3,괉,8,23,3
2012/1/4,낸,6,33,9
2012/1/5,뒞,10,15,2
2012/1/6,,8,19,9
2012/1/7,늧,21,12,2
2012/1/8,,18,12,1
2012/1/9,깵,3,1,2
2012/1/10,괉,2,2,3
2012/1/11,낸,25,29,15
2012/1/12,뒞,6,12,1
2012/1/13,,1,28,4
2012/1/14,늧,18,38,2
2012/1/15,,12,20,7
2012/1/16,깵,2,0,1
2012/1/17,괉,1,0,6
2012/1/18,낸,1,0,2
2012/1/19,뒞,1,0,1
2012/1/20,,0,0,0
2012/1/21,늧,4,0,1
2012/1/22,,1,0,0
2012/1/23,깵,23,9,8
2012/1/24,괉,22,27,1
2012/1/25,낸,34,33,20
2012/1/26,뒞,5,43,3
2012/1/27,,27,42,16
2012/1/28,늧,7,28,0
2012/1/29,,11,3,0
2012/1/30,깵,17,35,14
2012/1/31,괉,9,15,5
2012/2/1,낸,1,13,11
2012/2/2,뒞,37,34,20
2012/2/3,,4,5,23
2012/2/4,늧,7,22,13
2012/2/5,,5,1,0
2012/2/6,깵,0,0,0
2012/2/7,괉,2,0,0
2012/2/8,낸,50,50,38
2012/2/9,뒞,23,40,9
2012/2/10,,13,22,16
2012/2/11,늧,6,8,8
2012/2/12,,4,11,7
2012/2/13,깵,3,3,0
2012/2/14,괉,0,0,0
2012/2/15,낸,3,2,0
2012/2/16,뒞,1,4,1
2012/2/17,,43,13,32
2012/2/18,늧,9,30,2
2012/2/19,,1,6,11
2012/2/20,깵,0,3,7
2012/2/21,괉,1,2,2
2012/2/22,낸,0,0,0
2012/2/23,뒞,0,1,0
2012/2/24,,2,0,0
2012/2/25,늧,8,5,5
2012/2/26,,13,18,4
2012/2/27,깵,7,10,1
2012/2/28,괉,7,2,2
2012/2/29,낸,0,1,0
2012/12/1,늧,0,9,3
2012/12/2,,0,0,0
2012/12/3,깵,0,0,0
2012/12/4,괉,0,0,0
2012/12/5,낸,0,0,0
2012/12/6,뒞,0,0,0
2012/12/7,,0,1,0
2012/12/8,늧,8,23,0
2012/12/9,,25,45,30
2012/12/10,깵,6,24,0
2012/12/11,괉,3,30,2
2012/12/12,낸,7,26,2
2012/12/13,뒞,2,1,0
2012/12/14,,0,0,0
2012/12/15,늧,0,0,0
2012/12/16,,0,0,0
2012/12/17,깵,0,0,0
2012/12/18,괉,0,10,0
2012/12/19,낸,16,28,0
2012/12/20,뒞,3,28,0
2012/12/21,,0,0,0
2012/12/22,늧,4,0,0
2012/12/23,,0,6,1
2012/12/24,깵,18,46,0
2012/12/25,괉,2,1,0
2012/12/26,낸,5,27,0
2012/12/27,뒞,5,8,10
2012/12/28,,0,3,1
2012/12/29,늧,0,0,0
2012/12/30,,0,0,0
2012/12/31,깵,17,18,9
2013/1/1,괉,9,6,12
2013/1/2,낸,5,4,2
2013/1/3,뒞,22,57,7
2013/1/4,,14,9,2
2013/1/5,늧,0,0,0
2013/1/6,,7,9,10
2013/1/7,깵,7,1,0
2013/1/8,괉,2,0,3
2013/1/9,낸,19,8,4
2013/1/10,뒞,36,41,8
2013/1/11,,5,7,0
2013/1/12,늧,0,0,0
2013/1/13,,0,0,0
2013/1/14,깵,3,13,2
2013/1/15,괉,11,20,4
2013/1/16,낸,4,0,0
2013/1/17,뒞,24,38,13
2013/1/18,,21,14,5
2013/1/19,늧,3,18,3
2013/1/20,,6,11,0
2013/1/21,깵,0,0,0
2013/1/22,괉,5,2,0
2013/1/23,낸,0,0,0
2013/1/24,뒞,0,0,0
2013/1/25,,40,34,9
2013/1/26,늧,17,24,5
2013/1/27,,3,17,1
2013/1/28,깵,24,13,3
2013/1/29,괉,6,12,3
2013/1/30,낸,2,1,0
2013/1/31,뒞,0,0,0
2013/2/1,,0,0,0
2013/2/2,늧,0,1,0
2013/2/3,,0,5,0
2013/2/4,깵,3,1,0
2013/2/5,괉,1,0,0
2013/2/6,낸,9,14,6
2013/2/7,뒞,9,3,1
2013/2/8,,19,17,8
2013/2/9,늧,16,21,5
2013/2/10,,2,9,8
2013/2/11,깵,18,52,8
2013/2/12,괉,7,3,3
2013/2/13,낸,4,8,5
2013/2/14,뒞,0,0,0
2013/2/15,,1,14,1
2013/2/16,늧,9,23,0
2013/2/17,,2,7,0
2013/2/18,깵,3,3,1
2013/2/19,괉,1,6,0
2013/2/20,낸,20,38,1
2013/2/21,뒞,17,30,0
2013/2/22,,6,,10
2013/2/23,늧,9,23,12
2013/2/24,,8,15,8
2013/2/25,깵,16,7,1
2013/2/26,괉,1,3,0
2013/2/27,낸,1,0,1
2013/2/28,뒞,0,0,1
2013/3/1,,0,0,0
2013/12/1,,0,0,0
2013/12/2,깵,0,0,0
2013/12/3,괉,0,0,0
2013/12/4,낸,0,0,0
2013/12/5,뒞,0,0,0
2013/12/6,,0,0,0
2013/12/7,늧,0,0,1
2013/12/8,,0,0,0
2013/12/9,깵,0,0,0
2013/12/10,괉,0,0,0
2013/12/11,낸,0,0,0
2013/12/12,뒞,4,32,0
2013/12/13,,4,15,0
2013/12/14,늧,3,13,7
2013/12/15,,2,14,0
2013/12/16,깵,2,7,0
2013/12/17,괉,0,0,0
2013/12/18,낸,0,0,0
2013/12/19,뒞,0,0,0
2013/12/20,,0,4,0
2013/12/21,늧,0,6,0
2013/12/22,,0,5,0
2013/12/23,깵,0,0,0
2013/12/24,괉,0,17,0
2013/12/25,낸,0,0,0
2013/12/26,뒞,0,0,0
2013/12/27,,3,16,0
2013/12/28,늧,11,12,9
2013/12/29,,5,10,9
2013/12/30,깵,0,0,3
2013/12/31,괉,2,2,4
2014/1/1,낸,0,2,1
2014/1/2,뒞,0,10,0
2014/1/3,,0,0,0
2014/1/4,늧,0,11,0
2014/1/5,,5,5,0
2014/1/6,깵,6,9,1
2014/1/7,괉,0,0,0
2014/1/8,낸,0,0,0
2014/1/9,뒞,8,27,0
2014/1/10,,9,24,0
2014/1/11,늧,15,41,0
2014/1/12,,2,3,6
2014/1/13,깵,12,27,1
2014/1/14,괉,8,8,0
2014/1/15,낸,0,0,0
2014/1/16,뒞,5,3,0
2014/1/17,,16,15,12
2014/1/18,늧,19,10,2
2014/1/19,,13,38,9
2014/1/20,깵,2,0,3
2014/1/21,괉,10,8,2
2014/1/22,낸,23,37,0
2014/1/23,뒞,5,6,0
2014/1/24,,0,0,0
2014/1/25,늧,0,0,0
2014/1/26,,2,12,0
2014/1/27,깵,1,9,0
2014/1/28,괉,0,5,0
2014/1/29,낸,0,0,0
2014/1/30,뒞,0,0,0
2014/1/31,,1,0,0
2014/2/1,늧,0,0,0
2014/2/2,,0,0,0
2014/2/3,깵,0,1,0
2014/2/4,괉,26,19,0
2014/2/5,낸,15,27,0
2014/2/6,뒞,30,16,0
2014/2/7,,3,2,0
2014/2/8,늧,21,12,0
2014/2/9,,3,0,
2014/2/10,깵,19,19,
2014/2/11,괉,2,4,5
2014/2/12,낸,0,0,0
2014/2/13,뒞,19,6,1
2014/2/14,,7,12,1
2014/2/15,늧,14,41,10
2014/2/16,,0,1,0
2014/2/17,깵,1,10,0
2014/2/18,괉,3,17,0
2014/2/19,낸,10,4,0
2014/2/20,뒞,5,2,2
2014/2/21,,6,11,0
2014/2/22,늧,2,13,0
2014/2/23,,2,4,0
2014/2/24,깵,0,0,0
2014/2/25,괉,1,1,1
2014/2/26,낸,0,0,0
2014/2/27,뒞,0,0,0
2014/2/28,,0,0,0
2014/3/1,늧,0,0,0
2014/12/1,깵,0,0,0
2014/12/2,괉,0,0,0
2014/12/3,낸,0,0,4
2014/12/4,뒞,0,0,0
2014/12/5,,21,20,10
2014/12/6,늧,32,59,29
2014/12/7,,1,12,1
2014/12/8,깵,0,0,2
2014/12/9,괉,2,0,1
2014/12/10,낸,0,0,0
2014/12/11,뒞,0,0,0
2014/12/12,,6,2,0
2014/12/13,늧,16,44,30
2014/12/14,,27,85,2
2014/12/15,깵,6,10,2
2014/12/16,괉,0,0,0
2014/12/17,낸,55,71,4
2014/12/18,뒞,14,13,3
2014/12/19,,0,4,1
2014/12/20,늧,0,0,1
2014/12/21,,0,0,5
2014/12/22,깵,13,30,31
2014/12/23,괉,0,0,0
2014/12/24,낸,2,0,0
2014/12/25,뒞,6,27,3
2014/12/26,,6,19,5
2014/12/27,늧,2,7,2
2014/12/28,,0,0,0
2014/12/29,깵,1,0,0
2014/12/30,괉,0,0,0
2014/12/31,낸,3,13,5
2015/1/1,뒞,8,36,6
2015/1/2,,35,18,1
2015/1/3,늧,1,18,5
2015/1/4,,0,0,0
2015/1/5,깵,0,0,0
2015/1/6,괉,2,13,0
2015/1/7,낸,15,15,1
2015/1/8,뒞,12,15,0
2015/1/9,,8,15,0
2015/1/10,늧,7,24,0
2015/1/11,,11,25,4
2015/1/12,깵,9,8,3
2015/1/13,괉,1,2,0
2015/1/14,낸,0,0,0
2015/1/15,뒞,1,8,0
2015/1/16,,0,0,0
2015/1/17,늧,2,23,0
2015/1/18,,3,6,0
2015/1/19,깵,2,4,1
2015/1/20,괉,0,8,0
2015/1/21,낸,0,0,0
2015/1/22,뒞,0,0,0
2015/1/23,,2,4,1
2015/1/24,늧,1,4,1
2015/1/25,,1,2,0
2015/1/26,깵,0,0,0
2015/1/27,괉,2,3,0
2015/1/28,낸,11,19,0
2015/1/29,뒞,2,3,1
2015/1/30,,1,1,2
2015/1/31,늧,6,18,3
2015/2/1,,8,27,6
2015/2/2,깵,8,15,2
2015/2/3,괉,1,0,4
2015/2/4,낸,0,0,0
2015/2/5,뒞,0,0,0
2015/2/6,,2,4,0
2015/2/7,늧,0,0,0
2015/2/8,,6,12,1
2015/2/9,깵,32,71,9
2015/2/10,괉,12,25,5
2015/2/11,낸,2,0,3
2015/2/12,뒞,1,0,1
2015/2/13,,19,35,1
2015/2/14,늧,4,17,0
2015/2/15,,0,2,1
2015/2/16,깵,0,0,0
2015/2/17,괉,0,0,0
2015/2/18,낸,0,0,0
2015/2/19,뒞,1,0,0
2015/2/20,,0,8,1
2015/2/21,늧,0,0,0
2015/2/22,,0,0,0
2015/2/23,깵,0,0,0
2015/2/24,괉,0,0,0
2015/2/25,낸,0,0,0
2015/2/26,뒞,0,0,0
2015/2/27,,3,11,0
2015/2/28,늧,0,1,0
2015/3/1,,0,0,0
2015/12/1,괉,0,0,0
2015/12/2,낸,0,0,0
2015/12/3,뒞,0,0,0
2015/12/4,,0,0,0
2015/12/5,늧,0,0,0
2015/12/6,,0,0,0
2015/12/7,깵,0,0,0
2015/12/8,괉,0,0,0
2015/12/9,낸,0,0,0
2015/12/10,뒞,0,0,0
2015/12/11,,0,0,0
2015/12/12,늧,0,0,0
2015/12/13,,0,0,0
2015/12/14,깵,0,0,0
2015/12/15,괉,0,0,0
2015/12/16,낸,0,0,0
2015/12/17,뒞,0,10,0
2015/12/18,,0,3,0
2015/12/19,늧,0,1,0
2015/12/20,,0,0,0
2015/12/21,깵,0,0,0
2015/12/22,괉,0,0,0
2015/12/23,낸,0,0,0
2015/12/24,뒞,0,0,0
2015/12/25,,0,0,0
2015/12/26,늧,0,0,0
2015/12/27,,0,42,0
2015/12/28,깵,0,15,0
2015/12/29,괉,2,24,0
2015/12/30,낸,0,3,0
2015/12/31,뒞,0,2,0
2016/1/1,,0,1,0
2016/1/2,늧,0,0,0
2016/1/3,,0,0,0
2016/1/4,깵,0,0,0
2016/1/5,괉,0,0,0
2016/1/6,낸,0,0,0
2016/1/7,뒞,6,13,0
2016/1/8,,4,2,0
2016/1/9,늧,7,10,0
2016/1/10,,0,1,0
2016/1/11,깵,8,11,1
2016/1/12,괉,15,3,13
2016/1/13,낸,0,6,3
2016/1/14,뒞,11,10,11
2016/1/15,,3,3,1
2016/1/16,늧,4,10,19
2016/1/17,,1,0,3
2016/1/18,깵,0,7,3
2016/1/19,괉,6,0,27
2016/1/20,낸,2,8,11
2016/1/21,뒞,10,32,4
2016/1/22,,14,7,3
2016/1/23,늧,15,9,7
2016/1/24,,37,30,52
2016/1/25,깵,8,27,2
2016/1/26,괉,0,0,6
2016/1/27,낸,0,0,0
2016/1/28,뒞,0,0,0
2016/1/29,,6,21,6
2016/1/30,늧,7,5,9
2016/1/31,,4,1,6
2016/2/1,깵,16,3,5
2016/2/2,괉,7,7,1
2016/2/3,낸,9,5,0
2016/2/4,뒞,1,0,2
2016/2/5,,1,1,1
2016/2/6,늧,15,4,6
2016/2/7,,26,13,8
2016/2/8,깵,2,0,1
2016/2/9,괉,4,9,4
2016/2/10,낸,5,17,2
2016/2/11,뒞,2,0,0
2016/2/12,,0,0,0
2016/2/13,늧,0,0,0
2016/2/14,,0,0,0
2016/2/15,깵,17,34,0
2016/2/16,괉,5,2,6
2016/2/17,낸,9,34,12
2016/2/18,뒞,1,0,0
2016/2/19,,0,0,1
2016/2/20,늧,0,0,0
2016/2/21,,0,6,0
2016/2/22,깵,5,4,0
2016/2/23,괉,0,0,0
2016/2/24,낸,17,18,2
2016/2/25,뒞,17,13,2
2016/2/26,,9,27,2
2016/2/27,늧,0,0,0
2016/2/28,,0,0,0
2016/2/29,깵,13,26,0
2016/12/1,뒞,0,0,0
2016/12/2,,0,0,0
2016/12/3,늧,0,0,0
2016/12/4,,0,0,0
2016/12/5,깵,0,0,0
2016/12/6,괉,0,0,0
2016/12/7,낸,0,0,0
2016/12/8,뒞,0,0,0
2016/12/9,,0,0,0
2016/12/10,늧,0,2,0
2016/12/11,,0,17,0
2016/12/12,깵,0,0,0
2016/12/13,괉,0,0,0
2016/12/14,낸,2,1,0
2016/12/15,뒞,12,18,1
2016/12/16,,25,30,12
2016/12/17,늧,0,4,1
2016/12/18,,0,0,0
2016/12/19,깵,0,0,0
2016/12/20,괉,0,0,0
2016/12/21,낸,0,0,0
2016/12/22,뒞,0,0,0
2016/12/23,,0,0,0
2016/12/24,늧,0,0,0
2016/12/25,,0,0,0
2016/12/26,깵,0,0,0
2016/12/27,괉,0,0,0
2016/12/28,낸,0,4,0
2016/12/29,뒞,0,14,0
2016/12/30,,0,10,0
2016/12/31,늧,0,0,0
2017/1/1,,0,0,0
2017/1/2,깵,0,0,0
2017/1/3,괉,0,0,0
2017/1/4,낸,0,0,0
2017/1/5,뒞,0,13,0
2017/1/6,,0,0,1
2017/1/7,늧,0,0,0
2017/1/8,,0,0,0
2017/1/9,깵,0,0,0
2017/1/10,괉,0,0,0
2017/1/11,낸,4,58,1
2017/1/12,뒞,3,17,3
2017/1/13,,23,52,39
2017/1/14,늧,31,35,33
2017/1/15,,13,3,1
2017/1/16,깵,7,18,7
2017/1/17,괉,6,3,1
2017/1/18,낸,0,2,0
2017/1/19,뒞,0,2,0
2017/1/20,,1,0,0
2017/1/21,늧,1,3,0
2017/1/22,,13,20,8
2017/1/23,깵,4,20,8
2017/1/24,괉,6,20,2
2017/1/25,낸,17,26,1
2017/1/26,뒞,0,0,6
2017/1/27,,0,1,0
2017/1/28,늧,0,0,0
2017/1/29,,0,0,0
2017/1/30,깵,1,6,0
2017/1/31,괉,5,9,4
2017/2/1,낸,1,14,1
2017/2/2,뒞,9,16,3
2017/2/3,,0,17,0
2017/2/4,늧,0,0,0
2017/2/5,,0,0,0
2017/2/6,깵,0,11,0
2017/2/7,괉,4,19,0
2017/2/8,낸,5,6,0
2017/2/9,뒞,0,0,0
2017/2/10,,7,10,0
2017/2/11,늧,22,20,9
2017/2/12,,3,17,1
2017/2/13,깵,3,31,0
2017/2/14,괉,10,22,0
2017/2/15,낸,1,11,0
2017/2/16,뒞,0,0,0
2017/2/17,,1,0,0
2017/2/18,늧,15,11,0
2017/2/19,,5,13,1
2017/2/20,깵,1,6,0
2017/2/21,괉,3,30,0
2017/2/22,낸,0,0,0
2017/2/23,뒞,0,0,0
2017/2/24,,0,11,0
2017/2/25,늧,0,2,7
2017/2/26,,0,3,0
2017/2/27,깵,0,1,0
2017/2/28,괉,0,0,0
2017/3/1,낸,0,0,0
2017/12/1,,0,0,2
2017/12/2,늧,1,0,0
2017/12/3,,0,0,0
2017/12/4,깵,0,0,0
2017/12/5,괉,0,2,0
2017/12/6,낸,15,0,29
2017/12/7,뒞,0,0,3
2017/12/8,,6,0,4
2017/12/9,늧,0,0,0
2017/12/10,,0,0,2
2017/12/11,깵,0,0,0
2017/12/12,괉,29,57,11
2017/12/13,낸,6,41,2
2017/12/14,뒞,9,5,2
2017/12/15,,0,0,0
2017/12/16,늧,0,0,0
2017/12/17,,8,23,0
2017/12/18,깵,7,0,0
2017/12/19,괉,3,7,0
2017/12/20,낸,3,3,0
2017/12/21,뒞,0,0,0
2017/12/22,,0,0,0
2017/12/23,늧,2,0,0
2017/12/24,,0,0,0
2017/12/25,깵,0,2,0
2017/12/26,괉,2,33,1
2017/12/27,낸,7,23,0
2017/12/28,뒞,3,10,0
2017/12/29,,3,20,1
2017/12/30,늧,2,9,0
2017/12/31,,0,0,0
