date,week,derection,speed,temp
1982/12/1,水,北北西,2.5,10.0
1982/12/2,木,北北東,2.3,8.6
1982/12/3,金,北北東,2.5,9.1
1982/12/4,土,北北東,3.0,9.4
1982/12/5,日,北,3.7,10.5
1982/12/6,月,北,5.0,1.7
1982/12/7,火,北,3.5,4.9
1982/12/8,水,北,3.8,4.5
1982/12/9,木,北北東,2.2,5.8
1982/12/10,金,北北東,1.9,8.6
1982/12/11,土,北北東,3.2,10.9
1982/12/12,日,北,3.8,8.1
1982/12/13,月,北北西,3.5,4.2
1982/12/14,火,北北東,1.8,4.9
1982/12/15,水,北北東,1.5,5.1
1982/12/16,木,西北西,1.4,7.3
1982/12/17,金,南南西,3.0,8.2
1982/12/18,土,北,4.7,3.4
1982/12/19,日,北北東,1.9,2.5
1982/12/20,月,南南西,3.0,8.5
1982/12/21,火,北北東,1.9,7.2
1982/12/22,水,北北東,1.6,8.2
1982/12/23,木,南西,3.5,9.3
1982/12/24,金,西北西,3.8,7.3
1982/12/25,土,北北西,3.8,4.7
1982/12/26,日,北北東,2.4,5.7
1982/12/27,月,北北西,2.8,6.4
1982/12/28,火,北北東,3.0,4.3
1982/12/29,水,南南西,4.0,9.3
1982/12/30,木,北,3.0,4.3
1982/12/31,金,北,4.1,2.6
1983/1/1,土,北北西,3.6,2.7
1983/1/2,日,北北東,1.7,1.6
1983/1/3,月,北北東,2.9,3.2
1983/1/4,火,北北東,1.7,3.4
1983/1/5,水,北北東,1.8,5.9
1983/1/6,木,北北東,1.3,5.2
1983/1/7,金,北北東,1.3,5.5
1983/1/8,土,西北西,3.8,7.1
1983/1/9,日,北北西,4.8,1.1
1983/1/10,月,北,5.7,-0.8
1983/1/11,火,北西,4.4,1.4
1983/1/12,水,北,3.0,2.8
1983/1/13,木,北,2.8,1.1
1983/1/14,金,北北西,3.0,1.5
1983/1/15,土,北,3.6,2.0
1983/1/16,日,北北東,2.2,3.0
1983/1/17,月,北北西,2.4,4.6
1983/1/18,火,北北東,2.2,3.6
1983/1/19,水,北北東,2.0,2.2
1983/1/20,木,北,4.7,0.0
1983/1/21,金,北,3.0,-1.2
1983/1/22,土,北北西,5.0,-1.2
1983/1/23,日,北北西,3.4,1.6
1983/1/24,月,北北西,4.6,4.4
1983/1/25,火,南南西,4.1,6.8
1983/1/26,水,北北西,3.4,5.2
1983/1/27,木,西,1.5,6.1
1983/1/28,金,南南西,2.2,8.6
1983/1/29,土,南南西,4.0,10.1
1983/1/30,日,北,2.8,2.6
1983/1/31,月,北西,3.0,1.6
1983/2/1,火,北北東,2.5,2.8
1983/2/2,水,北北東,1.0,4.2
1983/2/3,木,北,3.3,2.3
1983/2/4,金,北,2.9,1.9
1983/2/5,土,北北東,2.5,2.8
1983/2/6,日,北北東,2.1,4.3
1983/2/7,月,北,4.1,3.2
1983/2/8,火,北北東,2.1,0.6
1983/2/9,水,西南西,3.4,2.0
1983/2/10,木,北,3.3,-0.8
1983/2/11,金,北,1.3,-0.4
1983/2/12,土,北,3.3,-2.6
1983/2/13,日,北,4.5,-3.3
1983/2/14,月,北,3.0,-2.1
1983/2/15,火,北,3.3,3.1
1983/2/16,水,北北東,2.0,2.0
1983/2/17,木,北,3.3,4.3
1983/2/18,金,南西,2.3,4.1
1983/2/19,土,南西,3.9,2.8
1983/2/20,日,南西,3.3,1.6
1983/2/21,月,北北西,4.3,0.3
1983/2/22,火,北西,2.7,1.3
1983/2/23,水,北北東,2.5,2.9
1983/2/24,木,北北東,1.9,2.2
1983/2/25,金,北西,3.7,1.6
1983/2/26,土,北北西,4.6,0.7
1983/2/27,日,北,3.7,2.1
1983/2/28,月,南西,2.4,5.0
1983/3/1,火,西北西,1.4,6.7
1983/12/1,木,北西,5.0,5.8
1983/12/2,金,南南西,4.2,10.9
1983/12/3,土,北西,4.4,6.1
1983/12/4,日,北西,3.9,4.6
1983/12/5,月,北北東,3.5,4.5
1983/12/6,火,北西,3.3,4.9
1983/12/7,水,北北西,2.7,6.1
1983/12/8,木,北北西,2.8,6.6
1983/12/9,金,北北西,1.9,7.7
1983/12/10,土,北北東,2.2,8.8
1983/12/11,日,南南西,4.7,9.2
1983/12/12,月,北西,4.3,4.7
1983/12/13,火,南南西,4.8,8.7
1983/12/14,水,北,4.5,4.5
1983/12/15,木,北,3.6,3.0
1983/12/16,金,北,4.8,0.9
1983/12/17,土,北北東,2.9,-0.9
1983/12/18,日,北北西,3.3,1.1
1983/12/19,月,北,3.9,3.0
1983/12/20,火,北西,3.1,1.5
1983/12/21,水,北北東,1.7,4.4
1983/12/22,木,北北東,2.9,6.7
1983/12/23,金,南西,4.5,4.4
1983/12/24,土,北北東,2.5,1.5
1983/12/25,日,北北西,4.6,1.3
1983/12/26,月,北,3.0,1.0
1983/12/27,火,北北東,2.0,0.9
1983/12/28,水,北北東,2.3,2.3
1983/12/29,木,北北東,2.1,2.0
1983/12/30,金,北北東,1.1,1.3
1983/12/31,土,北北東,2.6,2.2
1984/1/1,日,北,3.3,3.1
1984/1/2,月,北北東,1.9,1.9
1984/1/3,火,北,2.4,3.7
1984/1/4,水,北西,4.4,4.2
1984/1/5,木,北北西,3.3,0.3
1984/1/6,金,北,4.0,2.3
1984/1/7,土,北北東,2.9,-0.6
1984/1/8,日,北北東,2.5,1.2
1984/1/9,月,北北東,1.0,1.4
1984/1/10,火,北北西,3.3,3.5
1984/1/11,水,北北西,4.9,0.6
1984/1/12,木,北,3.3,0.9
1984/1/13,金,北北東,2.2,1.3
1984/1/14,土,南南西,2.4,4.4
1984/1/15,日,南南西,5.9,3.3
1984/1/16,月,北,5.9,-2.5
1984/1/17,火,北北西,5.8,-2.3
1984/1/18,水,北,3.5,-1.8
1984/1/19,木,北,3.3,-1.7
1984/1/20,金,北北東,2.6,-1.1
1984/1/21,土,北北東,1.8,0.7
1984/1/22,日,北北東,1.5,2.3
1984/1/23,月,北,4.3,1.5
1984/1/24,火,北北西,3.8,0.1
1984/1/25,水,北北東,2.4,-0.6
1984/1/26,木,北西,4.3,0.4
1984/1/27,金,北,3.7,2.2
1984/1/28,土,北北東,2.4,-0.4
1984/1/29,日,北北西,3.7,0.0
1984/1/30,月,北,2.2,0.3
1984/1/31,火,北北東,1.2,0.4
1984/2/1,水,西北西,1.7,1.4
1984/2/2,木,北北東,3.0,2.0
1984/2/3,金,北,4.8,-2.6
1984/2/4,土,北北西,4.0,-3.1
1984/2/5,日,北,2.5,-1.9
1984/2/6,月,北,5.3,-4.5
1984/2/7,火,北西,5.2,-4.2
1984/2/8,水,北北西,4.5,-2.6
1984/2/9,木,北西,5.3,-1.6
1984/2/10,金,北西,4.4,-0.7
1984/2/11,土,北北東,2.3,0.2
1984/2/12,日,北北東,2.0,-0.3
1984/2/13,月,北,2.3,1.6
1984/2/14,火,北,2.1,0.0
1984/2/15,水,北西,3.1,-1.4
1984/2/16,木,北,3.6,-2.0
1984/2/17,金,北北東,1.3,-2.1
1984/2/18,土,北,2.5,-2.0
1984/2/19,日,北西,3.2,0.2
1984/2/20,月,南南西,2.6,2.0
1984/2/21,火,北北東,2.0,-0.1
1984/2/22,水,北北東,2.0,0.6
1984/2/23,木,北,2.3,2.5
1984/2/24,金,北,2.6,2.4
1984/2/25,土,北,1.5,1.6
1984/2/26,日,北北西,1.9,3.3
1984/2/27,月,西北西,3.9,2.0
1984/2/28,火,北,5.2,-1.0
1984/2/29,水,北,3.6,-2.0
1984/12/1,土,北北東,2.3,10.5
1984/12/2,日,北,3.5,7.4
1984/12/3,月,北北西,3.2,7.1
1984/12/4,火,北北東,2.7,6.1
1984/12/5,水,南南西,4.2,11.1
1984/12/6,木,北北東,3.3,3.1
1984/12/7,金,北北東,2.0,3.9
1984/12/8,土,北北東,2.7,6.2
1984/12/9,日,北北東,1.4,7.4
1984/12/10,月,北,1.3,8.8
1984/12/11,火,北,0.9,10.9
1984/12/12,水,北北西,2.7,11.1
1984/12/13,木,北北東,2.3,7.2
1984/12/14,金,北,3.8,7.7
1984/12/15,土,北,3.5,2.4
1984/12/16,日,北,2.0,3.4
1984/12/17,月,北,1.5,5.8
1984/12/18,火,北北東,4.0,6.6
1984/12/19,水,北北西,3.2,3.1
1984/12/20,木,北,2.5,4.4
1984/12/21,金,南西,3.3,6.8
1984/12/22,土,北北東,2.3,0.0
1984/12/23,日,北北東,3.7,1.6
1984/12/24,月,北,4.2,-1.5
1984/12/25,火,北,5.2,-2.7
1984/12/26,水,北,4.8,0.1
1984/12/27,木,北,5.1,0.4
1984/12/28,金,北,4.5,-0.6
1984/12/29,土,北,4.6,-0.5
1984/12/30,日,北北東,2.0,-1.1
1984/12/31,月,北北東,1.5,0.6
1985/1/1,火,北,2.3,1.5
1985/1/2,水,北北東,3.5,0.4
1985/1/3,木,北北東,2.5,1.1
1985/1/4,金,北,3.0,0.6
1985/1/5,土,北北西,5.0,-0.7
1985/1/6,日,北,4.4,-1.5
1985/1/7,月,北,3.3,-0.2
1985/1/8,火,北北東,1.7,0.6
1985/1/9,水,北,2.0,1.2
1985/1/10,木,南南西,3.8,6.0
1985/1/11,金,北北東,2.4,2.2
1985/1/12,土,南西,3.0,3.4
1985/1/13,日,北北東,3.0,0.2
1985/1/14,月,北北東,4.2,-3.2
1985/1/15,火,南南西,4.9,0.8
1985/1/16,水,北北西,5.9,0.0
1985/1/17,木,北北西,5.0,-2.7
1985/1/18,金,北,3.2,-1.9
1985/1/19,土,北北東,2.4,-0.9
1985/1/20,日,西北西,3.4,4.3
1985/1/21,月,西北西,3.2,1.6
1985/1/22,火,南南西,2.4,3.9
1985/1/23,水,北,3.9,1.6
1985/1/24,木,北,3.8,-1.6
1985/1/25,金,北北西,3.3,-2.1
1985/1/26,土,北,4.4,-2.2
1985/1/27,日,北北東,1.6,-0.6
1985/1/28,月,北,4.8,2.7
1985/1/29,火,北,3.5,-1.9
1985/1/30,水,北西,4.4,-3.0
1985/1/31,木,南南西,4.6,1.4
1985/2/1,金,南南西,6.7,4.4
1985/2/2,土,北北西,3.1,1.0
1985/2/3,日,北,3.8,3.1
1985/2/4,月,北北東,2.4,1.6
1985/2/5,火,北北東,1.9,3.3
1985/2/6,水,北北東,2.5,3.7
1985/2/7,木,北北東,2.0,4.5
1985/2/8,金,北北東,1.3,3.5
1985/2/9,土,北,4.9,7.0
1985/2/10,日,北西,4.3,6.1
1985/2/11,月,北北西,4.3,3.0
1985/2/12,火,北北東,2.3,3.8
1985/2/13,水,北西,3.5,4.7
1985/2/14,木,北西,4.6,-0.2
1985/2/15,金,北西,4.1,1.6
1985/2/16,土,西北西,1.9,2.7
1985/2/17,日,北,2.9,2.7
1985/2/18,月,北北東,1.4,3.1
1985/2/19,火,北北東,2.5,4.5
1985/2/20,水,南南西,2.9,7.7
1985/2/21,木,南西,3.2,2.1
1985/2/22,金,西北西,4.2,0.9
1985/2/23,土,北西,3.6,1.5
1985/2/24,日,北,4.0,1.5
1985/2/25,月,北,2.8,2.1
1985/2/26,火,北北東,2.5,2.2
1985/2/27,水,北北東,2.6,1.7
1985/2/28,木,北北東,1.1,2.7
1985/3/1,金,西北西,1.5,5.8
1985/12/1,日,南西,3.5,6.4
1985/12/2,月,北北東,3.0,7.2
1985/12/3,火,北,2.2,6.1
1985/12/4,水,南南西,4.0,9.9
1985/12/5,木,北北東,2.3,7.2
1985/12/6,金,北北西,2.6,7.8
1985/12/7,土,北北東,3.2,6.6
1985/12/8,日,南南西,1.9,9.9
1985/12/9,月,北,4.4,3.1
1985/12/10,火,北北西,5.0,0.2
1985/12/11,水,北,2.9,1.7
1985/12/12,木,北,2.1,1.2
1985/12/13,金,北北東,3.5,3.9
1985/12/14,土,北,2.1,2.3
1985/12/15,日,北,4.9,-1.6
1985/12/16,月,北北東,1.9,-0.8
1985/12/17,火,北,4.5,0.2
1985/12/18,水,北北西,3.5,2.1
1985/12/19,木,北,2.3,1.4
1985/12/20,金,北北西,5.0,1.8
1985/12/21,土,北,2.8,0.9
1985/12/22,日,北北東,1.5,2.3
1985/12/23,月,北北東,2.6,5.0
1985/12/24,火,北北西,4.5,0.8
1985/12/25,水,北北西,3.7,3.6
1985/12/26,木,北,3.0,3.6
1985/12/27,金,北北西,3.5,3.8
1985/12/28,土,北北東,2.0,2.9
1985/12/29,日,北北東,2.8,5.8
1985/12/30,月,南南西,1.6,12.0
1985/12/31,火,北西,3.5,5.7
1986/1/1,水,南西,3.0,4.3
1986/1/2,木,北,2.8,-0.2
1986/1/3,金,北北東,1.3,1.0
1986/1/4,土,南西,2.4,4.7
1986/1/5,日,北西,4.2,-0.4
1986/1/6,月,西北西,4.1,0.2
1986/1/7,火,南南西,4.2,4.7
1986/1/8,水,南南西,3.3,3.8
1986/1/9,木,北北西,4.6,0.3
1986/1/10,金,北北西,4.9,0.5
1986/1/11,土,北北西,3.7,0.7
1986/1/12,日,北北西,3.1,1.2
1986/1/13,月,北北東,4.3,1.4
1986/1/14,火,北西,5.1,0.4
1986/1/15,水,北北東,3.0,1.8
1986/1/16,木,北北東,2.2,1.0
1986/1/17,金,北北東,3.2,4.7
1986/1/18,土,北北西,3.1,3.2
1986/1/19,日,北北東,2.0,0.6
1986/1/20,月,北北東,3.3,1.7
1986/1/21,火,北,3.2,0.1
1986/1/22,水,北北西,4.7,-2.0
1986/1/23,木,北,3.9,-2.3
1986/1/24,金,北西,4.3,-0.9
1986/1/25,土,北,5.3,-1.6
1986/1/26,日,北北西,5.1,-1.5
1986/1/27,月,北,4.3,-1.4
1986/1/28,火,北,4.1,0.4
1986/1/29,水,北,3.4,0.5
1986/1/30,木,北北東,2.5,2.0
1986/1/31,金,北,2.6,1.9
1986/2/1,土,北,3.1,-1.3
1986/2/2,日,北西,3.0,1.3
1986/2/3,月,北,4.3,0.4
1986/2/4,火,北北東,2.7,-1.9
1986/2/5,水,北,3.4,-1.8
1986/2/6,木,北,2.8,-0.9
1986/2/7,金,北北西,2.3,-0.6
1986/2/8,土,北北東,2.7,-0.8
1986/2/9,日,北,4.0,-0.8
1986/2/10,月,北,2.9,-0.8
1986/2/11,火,北北東,2.9,0.2
1986/2/12,水,北,2.0,1.6
1986/2/13,木,南南西,3.3,4.5
1986/2/14,金,北,2.0,4.7
1986/2/15,土,北,3.5,1.3
1986/2/16,日,北北西,3.6,-1.9
1986/2/17,月,北,2.6,0.4
1986/2/18,火,北北東,2.2,1.1
1986/2/19,水,北北西,2.7,3.0
1986/2/20,木,北西,3.0,2.5
1986/2/21,金,北西,3.2,1.2
1986/2/22,土,北北東,2.7,1.7
1986/2/23,日,南南西,3.6,2.4
1986/2/24,月,北北西,3.5,0.3
1986/2/25,火,北西,4.0,-0.6
1986/2/26,水,北西,2.6,1.3
1986/2/27,木,南西,2.1,1.7
1986/2/28,金,北北東,2.0,0.7
1986/3/1,土,西北西,2.5,2.6
1986/12/1,月,北,4.0,7.5
1986/12/2,火,北北東,2.8,4.3
1986/12/3,水,北北東,1.5,5.9
1986/12/4,木,西北西,3.1,8.4
1986/12/5,金,北西,2.8,7.1
1986/12/6,土,北北東,1.2,8.3
1986/12/7,日,北北西,3.7,8.6
1986/12/8,月,北北西,1.6,7.3
1986/12/9,火,北北東,1.8,7.7
1986/12/10,水,北北東,2.9,8.1
1986/12/11,木,北西,3.4,6.7
1986/12/12,金,北北東,3.4,8.0
1986/12/13,土,北北東,2.1,4.8
1986/12/14,日,北北東,1.3,7.8
1986/12/15,月,北,3.5,6.9
1986/12/16,火,北北西,2.9,4.3
1986/12/17,水,北北西,3.5,3.1
1986/12/18,木,北,2.2,6.2
1986/12/19,金,北,3.7,9.4
1986/12/20,土,北,4.0,2.4
1986/12/21,日,南南西,4.2,6.7
1986/12/22,月,北,4.1,1.7
1986/12/23,火,南南西,2.4,6.9
1986/12/24,水,北,3.3,7.9
1986/12/25,木,北北東,3.3,7.6
1986/12/26,金,北,5.1,1.8
1986/12/27,土,北,2.9,0.9
1986/12/28,日,北北東,2.0,1.8
1986/12/29,月,北北西,2.8,1.2
1986/12/30,火,北,2.2,3.3
1986/12/31,水,南南西,3.5,8.8
1987/1/1,木,北北西,5.3,1.0
1987/1/2,金,北北東,2.0,1.1
1987/1/3,土,北北東,3.3,6.2
1987/1/4,日,北,5.8,1.0
1987/1/5,月,北北東,1.7,0.3
1987/1/6,火,北,2.9,1.8
1987/1/7,水,北北東,2.0,4.8
1987/1/8,木,南南西,3.9,6.8
1987/1/9,金,北,4.8,1.3
1987/1/10,土,北西,5.8,-2.2
1987/1/11,日,西北西,2.9,-0.5
1987/1/12,月,北北東,1.0,2.3
1987/1/13,火,北,5.2,2.7
1987/1/14,水,南西,3.3,1.8
1987/1/15,木,北北東,2.8,3.4
1987/1/16,金,北北東,1.9,6.1
1987/1/17,土,南南西,4.2,7.6
1987/1/18,日,北西,3.3,1.9
1987/1/19,月,北,3.9,-0.8
1987/1/20,火,北,4.2,-1.3
1987/1/21,水,北北東,2.5,0.6
1987/1/22,木,北北東,1.8,2.9
1987/1/23,金,北北東,2.0,5.9
1987/1/24,土,北,3.7,4.2
1987/1/25,日,北北西,4.9,-1.2
1987/1/26,月,北北西,3.5,-0.2
1987/1/27,火,北北西,2.5,2.0
1987/1/28,水,南南西,2.3,5.8
1987/1/29,木,南南西,4.3,9.5
1987/1/30,金,北,4.3,4.0
1987/1/31,土,北,3.8,-0.8
1987/2/1,日,北北東,3.3,-1.3
1987/2/2,月,北,2.2,1.5
1987/2/3,火,北,2.5,1.7
1987/2/4,水,北北西,4.3,1.5
1987/2/5,木,西北西,3.7,5.1
1987/2/6,金,西北西,2.2,4.2
1987/2/7,土,南南西,3.0,6.9
1987/2/8,日,北北東,2.7,4.4
1987/2/9,月,南南西,3.9,7.3
1987/2/10,火,南南西,2.0,12.2
1987/2/11,水,南南西,3.0,11.7
1987/2/12,木,北北西,2.3,3.2
1987/2/13,金,北北東,1.8,0.6
1987/2/14,土,北北西,4.3,3.3
1987/2/15,日,北,3.8,-0.5
1987/2/16,月,北西,4.4,0.2
1987/2/17,火,北北東,1.6,1.5
1987/2/18,水,北北東,1.9,2.9
1987/2/19,木,北北西,4.1,-0.4
1987/2/20,金,北北西,3.0,0.9
1987/2/21,土,北北東,1.5,0.5
1987/2/22,日,北北東,1.4,2.1
1987/2/23,月,南南西,2.4,5.8
1987/2/24,火,南南西,2.0,7.8
1987/2/25,水,西北西,4.8,1.5
1987/2/26,木,西北西,4.2,-0.3
1987/2/27,金,西北西,3.6,0.5
1987/2/28,土,北西,2.2,1.3
1987/3/1,日,北北東,1.9,-0.4
1987/12/1,火,南南西,4.7,6.4
1987/12/2,水,北西,5.2,2.8
1987/12/3,木,北北東,2.7,4.4
1987/12/4,金,北,3.7,3.0
1987/12/5,土,北北西,1.9,2.4
1987/12/6,日,北北東,3.3,3.0
1987/12/7,月,北北東,2.6,2.4
1987/12/8,火,北北東,2.3,4.4
1987/12/9,水,北北東,1.6,7.7
1987/12/10,木,北北東,1.8,9.3
1987/12/11,金,南南西,3.6,9.4
1987/12/12,土,北北東,1.0,4.7
1987/12/13,日,北北東,2.7,4.6
1987/12/14,月,北北東,1.6,2.9
1987/12/15,火,南西,2.1,9.3
1987/12/16,水,南南西,3.9,7.7
1987/12/17,木,北西,4.9,2.7
1987/12/18,金,北北東,1.7,1.9
1987/12/19,土,北北東,2.7,6.1
1987/12/20,日,北北東,2.0,5.4
1987/12/21,月,北,2.0,3.0
1987/12/22,火,南南西,3.6,7.0
1987/12/23,水,北西,2.6,7.9
1987/12/24,木,南南西,3.3,10.6
1987/12/25,金,南南西,3.5,12.9
1987/12/26,土,北西,2.0,11.3
1987/12/27,日,南南西,2.1,13.8
1987/12/28,月,南南西,3.5,14.6
1987/12/29,火,南南西,1.1,12.5
1987/12/30,水,北北西,5.3,6.6
1987/12/31,木,北北西,3.5,1.1
1988/1/1,金,南南西,2.6,6.1
1988/1/2,土,北北東,1.6,7.3
1988/1/3,日,北北東,2.0,3.0
1988/1/4,月,北北西,2.4,5.3
1988/1/5,火,北,3.7,1.9
1988/1/6,水,北西,2.4,2.3
1988/1/7,木,北北東,1.5,5.1
1988/1/8,金,南西,2.4,7.7
1988/1/9,土,北,4.8,2.9
1988/1/10,日,北西,4.8,0.1
1988/1/11,月,西北西,3.9,2.8
1988/1/12,火,北北東,1.7,5.1
1988/1/13,水,北北東,2.4,6.5
1988/1/14,木,南南西,2.9,8.9
1988/1/15,金,北,2.5,8.2
1988/1/16,土,北北東,2.3,3.0
1988/1/17,日,北西,2.1,3.7
1988/1/18,月,北,4.0,1.3
1988/1/19,火,北北東,2.2,2.2
1988/1/20,水,北北東,2.7,5.3
1988/1/21,木,北北東,2.3,7.5
1988/1/22,金,南南西,1.7,12.4
1988/1/23,土,北西,4.0,3.3
1988/1/24,日,北西,4.3,0.3
1988/1/25,月,南西,3.0,3.0
1988/1/26,火,北北西,3.8,2.3
1988/1/27,水,北,2.4,1.5
1988/1/28,木,北北西,3.7,3.3
1988/1/29,金,南南西,5.5,6.0
1988/1/30,土,北,3.5,0.9
1988/1/31,日,北,1.7,1.1
1988/2/1,月,北北東,2.0,1.2
1988/2/2,火,南南西,5.5,3.7
1988/2/3,水,北西,5.8,-3.1
1988/2/4,木,西北西,3.3,1.4
1988/2/5,金,南南西,3.4,7.3
1988/2/6,土,北,2.2,2.2
1988/2/7,日,北西,5.0,-1.4
1988/2/8,月,北北西,4.3,0.7
1988/2/9,火,北北東,2.8,0.8
1988/2/10,水,北,4.1,-0.5
1988/2/11,木,北北西,2.3,-0.1
1988/2/12,金,南南西,2.7,1.7
1988/2/13,土,北,3.2,1.1
1988/2/14,日,北西,3.0,-1.1
1988/2/15,月,北北西,3.5,-1.2
1988/2/16,火,北,5.3,-2.1
1988/2/17,水,北北東,3.1,-2.1
1988/2/18,木,北,3.0,-3.0
1988/2/19,金,南南西,3.6,0.9
1988/2/20,土,北北西,4.0,2.8
1988/2/21,日,北北東,3.1,-1.2
1988/2/22,月,北北東,2.2,-1.5
1988/2/23,火,北北東,2.1,3.1
1988/2/24,水,北北東,2.5,1.4
1988/2/25,木,北北東,2.1,0.4
1988/2/26,金,北北東,1.8,1.6
1988/2/27,土,北西,2.5,1.3
1988/2/28,日,北西,3.0,1.7
1988/2/29,月,北,1.8,2.9
1988/12/1,木,北西,2.7,7.0
1988/12/2,金,北北東,2.5,5.1
1988/12/3,土,北北東,2.1,4.4
1988/12/4,日,北北東,1.7,7.8
1988/12/5,月,北,3.9,6.5
1988/12/6,火,南西,2.7,7.1
1988/12/7,水,南南西,3.0,10.6
1988/12/8,木,北北東,1.8,9.8
1988/12/9,金,北北東,2.4,8.5
1988/12/10,土,南西,2.8,4.6
1988/12/11,日,南南西,3.1,5.7
1988/12/12,月,南南西,2.6,7.7
1988/12/13,火,北北東,2.2,7.3
1988/12/14,水,北北東,2.8,7.1
1988/12/15,木,南西,3.0,3.5
1988/12/16,金,西北西,3.7,1.9
1988/12/17,土,北西,3.7,2.2
1988/12/18,日,南南西,2.6,6.8
1988/12/19,月,北北東,1.6,6.1
1988/12/20,火,北,4.0,7.7
1988/12/21,水,北北西,4.4,3.6
1988/12/22,木,北西,3.7,2.9
1988/12/23,金,北北東,1.4,3.6
1988/12/24,土,北北東,3.2,6.5
1988/12/25,日,北西,3.9,2.8
1988/12/26,月,北西,3.2,3.6
1988/12/27,火,北西,2.2,4.6
1988/12/28,水,北西,4.6,1.8
1988/12/29,木,北西,2.3,2.6
1988/12/30,金,北西,1.8,4.2
1988/12/31,土,北北東,1.5,3.8
1989/1/1,日,北西,3.7,5.3
1989/1/2,月,北北東,1.8,4.8
1989/1/3,火,西北西,3.7,7.1
1989/1/4,水,北西,3.1,2.0
1989/1/5,木,北西,2.4,3.9
1989/1/6,金,北北東,2.4,5.5
1989/1/7,土,北北東,1.3,6.4
1989/1/8,日,北北東,1.0,7.9
1989/1/9,月,北北東,1.3,6.1
1989/1/10,火,北北東,1.1,8.7
1989/1/11,水,北北東,2.1,8.2
1989/1/12,木,北北東,3.1,4.6
1989/1/13,金,北,2.6,2.6
1989/1/14,土,北北東,3.3,0.8
1989/1/15,日,北北東,1.9,0.1
1989/1/16,月,北北東,1.6,3.6
1989/1/17,火,北北東,2.1,3.4
1989/1/18,水,北北東,1.5,4.4
1989/1/19,木,北北東,0.7,8.0
1989/1/20,金,北,1.8,9.1
1989/1/21,土,北西,3.3,6.0
1989/1/22,日,北北東,1.9,2.4
1989/1/23,月,北北東,3.2,5.4
1989/1/24,火,北北西,4.3,5.4
1989/1/25,水,北,2.7,2.4
1989/1/26,木,南,1.5,6.1
1989/1/27,金,南南西,3.8,4.8
1989/1/28,土,北西,4.5,-1.5
1989/1/29,日,西北西,2.7,2.0
1989/1/30,月,北北東,2.4,3.0
1989/1/31,火,北北東,2.4,5.3
1989/2/1,水,北北西,1.8,4.4
1989/2/2,木,西北西,3.0,0.9
1989/2/3,金,北西,4.2,0.3
1989/2/4,土,西北西,2.5,2.7
1989/2/5,日,西北西,1.8,4.2
1989/2/6,月,北北東,2.3,4.7
1989/2/7,火,北北東,1.7,4.4
1989/2/8,水,北北東,1.6,4.9
1989/2/9,木,北北東,0.8,5.9
1989/2/10,金,北,3.4,3.3
1989/2/11,土,北北西,2.5,1.5
1989/2/12,日,北北東,1.8,2.4
1989/2/13,月,北北西,2.0,3.3
1989/2/14,火,北西,2.3,4.1
1989/2/15,水,北北東,2.0,4.6
1989/2/16,木,北北東,0.7,8.4
1989/2/17,金,北北東,0.9,5.4
1989/2/18,土,北北東,1.2,4.0
1989/2/19,日,北北東,2.8,2.6
1989/2/20,月,北北東,2.6,5.7
1989/2/21,火,北北東,2.1,4.5
1989/2/22,水,北,3.2,2.3
1989/2/23,木,北北東,1.6,1.0
1989/2/24,金,北北東,0.6,2.7
1989/2/25,土,北北東,2.2,3.0
1989/2/26,日,北,3.2,3.6
1989/2/27,月,北北東,2.1,3.2
1989/2/28,火,北北東,1.7,9.1
1989/3/1,水,北北西,2.7,6.3
1989/12/1,金,北西,3.0,8.0
1989/12/2,土,南南西,3.5,10.1
1989/12/3,日,南南西,2.9,12.5
1989/12/4,月,南南西,4.6,11.4
1989/12/5,火,北北東,2.6,5.2
1989/12/6,水,北,3.0,6.4
1989/12/7,木,北北東,2.8,7.7
1989/12/8,金,北西,4.3,6.0
1989/12/9,土,北北西,4.8,3.7
1989/12/10,日,西北西,2.5,4.2
1989/12/11,月,北,3.7,8.8
1989/12/12,火,北西,3.2,4.6
1989/12/13,水,北北東,1.9,4.3
1989/12/14,木,南南西,2.1,7.0
1989/12/15,金,西北西,4.0,7.4
1989/12/16,土,北西,1.8,9.2
1989/12/17,日,北北西,2.6,9.8
1989/12/18,月,北,4.3,4.3
1989/12/19,火,西北西,3.2,1.0
1989/12/20,水,北西,3.1,3.5
1989/12/21,木,北西,1.8,5.9
1989/12/22,金,北北東,1.8,5.4
1989/12/23,土,北北東,2.0,4.5
1989/12/24,日,北北東,2.1,4.2
1989/12/25,月,北北東,2.2,4.8
1989/12/26,火,南南西,1.1,8.4
1989/12/27,水,北北西,3.0,6.1
1989/12/28,木,北北西,2.2,4.1
1989/12/29,金,北北東,1.7,3.9
1989/12/30,土,北北東,1.0,2.0
1989/12/31,日,南西,3.3,2.1
1990/1/1,月,北北西,3.1,2.4
1990/1/2,火,北,2.3,2.8
1990/1/3,水,北北東,2.8,3.3
1990/1/4,木,北西,3.2,3.6
1990/1/5,金,南南西,2.7,6.0
1990/1/6,土,南南西,4.7,5.2
1990/1/7,日,西北西,3.0,2.3
1990/1/8,月,北北東,1.5,3.5
1990/1/9,火,北北東,2.2,5.4
1990/1/10,水,北北東,2.9,9.6
1990/1/11,木,北西,3.0,5.0
1990/1/12,金,北北東,2.9,6.2
1990/1/13,土,北,3.8,1.0
1990/1/14,日,北西,1.9,1.1
1990/1/15,月,北,3.0,1.3
1990/1/16,火,北北東,2.0,1.5
1990/1/17,水,北北東,2.2,1.3
1990/1/18,木,南南西,4.1,7.4
1990/1/19,金,北北東,1.5,3.1
1990/1/20,土,北,3.7,-1.4
1990/1/21,日,西,2.5,2.0
1990/1/22,月,南南西,3.9,2.8
1990/1/23,火,北,4.3,-1.4
1990/1/24,水,北,4.4,-0.8
1990/1/25,木,北北西,5.0,-3.2
1990/1/26,金,北西,4.5,-2.8
1990/1/27,土,北西,4.5,-1.5
1990/1/28,日,北西,2.7,-0.6
1990/1/29,月,北北東,2.1,1.6
1990/1/30,火,北,4.2,1.4
1990/1/31,水,北北東,1.4,0.3
1990/2/1,木,北,1.1,0.7
1990/2/2,金,北北東,2.1,0.2
1990/2/3,土,北北東,2.6,3.8
1990/2/4,日,北北東,1.1,2.9
1990/2/5,月,北北東,1.5,3.2
1990/2/6,火,北北東,2.0,3.8
1990/2/7,水,北北東,2.5,4.3
1990/2/8,木,北,2.2,3.1
1990/2/9,金,北北東,2.0,1.9
1990/2/10,土,北北東,1.7,4.7
1990/2/11,日,西,2.0,9.2
1990/2/12,月,北西,3.4,4.5
1990/2/13,火,北北西,3.1,3.3
1990/2/14,水,北北東,1.6,2.6
1990/2/15,木,北,0.5,4.5
1990/2/16,金,北,2.4,5.8
1990/2/17,土,北北西,2.5,5.7
1990/2/18,日,北北東,2.0,4.5
1990/2/19,月,北,2.1,10.2
1990/2/20,火,南南西,2.1,10.9
1990/2/21,水,西,2.5,7.3
1990/2/22,木,北北東,1.7,7.3
1990/2/23,金,北東,0.8,9.4
1990/2/24,土,北,1.2,8.8
1990/2/25,日,北北東,1.4,6.8
1990/2/26,月,北北東,1.2,6.2
1990/2/27,火,北北東,1.1,3.9
1990/2/28,水,北東,1.2,2.5
1990/3/1,木,北北東,0.8,4.5
1990/12/1,土,南西,2.9,15.9
1990/12/2,日,南南西,5.7,10.4
1990/12/3,月,北北西,3.4,7.3
1990/12/4,火,北北東,3.0,7.4
1990/12/5,水,南南西,2.8,8.8
1990/12/6,木,北北東,2.3,10.6
1990/12/7,金,南南西,4.0,13.8
1990/12/8,土,南南西,2.8,14.1
1990/12/9,日,南,2.0,13.5
1990/12/10,月,北,2.3,12.5
1990/12/11,火,北,2.6,10.3
1990/12/12,水,北,3.7,7.2
1990/12/13,木,北北東,2.4,5.9
1990/12/14,金,南南西,4.3,8.8
1990/12/15,土,北,4.3,4.7
1990/12/16,日,北北東,3.2,3.2
1990/12/17,月,北北東,2.2,4.4
1990/12/18,火,北,5.1,6.7
1990/12/19,水,北北東,2.3,4.3
1990/12/20,木,北北東,1.5,4.8
1990/12/21,金,北北東,1.6,7.6
1990/12/22,土,南南西,4.0,10.3
1990/12/23,日,南西,4.3,5.2
1990/12/24,月,北北西,4.0,4.0
1990/12/25,火,北北西,2.6,5.2
1990/12/26,水,南南西,3.7,6.4
1990/12/27,木,北北西,5.9,4.7
1990/12/28,金,北西,3.0,4.8
1990/12/29,土,北北西,3.2,4.7
1990/12/30,日,西北西,2.2,5.7
1990/12/31,月,南南西,2.8,7.0
1991/1/1,火,北北東,1.6,7.7
1991/1/2,水,北,2.8,6.7
1991/1/3,木,北,2.9,2.2
1991/1/4,金,西北西,3.0,2.5
1991/1/5,土,北西,3.5,1.6
1991/1/6,日,北北西,5.0,1.4
1991/1/7,月,北西,3.2,1.8
1991/1/8,火,北,3.0,1.6
1991/1/9,水,北北東,3.0,2.5
1991/1/10,木,北西,3.5,4.5
1991/1/11,金,北北西,3.0,3.6
1991/1/12,土,北北東,1.8,2.6
1991/1/13,日,北北東,3.2,2.5
1991/1/14,月,北,3.5,3.0
1991/1/15,火,北,3.3,1.5
1991/1/16,水,北,3.0,2.9
1991/1/17,木,北西,3.7,4.8
1991/1/18,金,北西,4.8,1.5
1991/1/19,土,北北東,2.6,4.7
1991/1/20,日,北北東,2.9,4.4
1991/1/21,月,北北東,1.7,5.9
1991/1/22,火,北,4.0,4.2
1991/1/23,水,北,2.9,0.4
1991/1/24,木,南,1.0,4.2
1991/1/25,金,南西,3.3,5.9
1991/1/26,土,北北西,3.3,3.2
1991/1/27,日,北西,2.5,2.3
1991/1/28,月,北,3.5,0.8
1991/1/29,火,北北西,2.7,2.0
1991/1/30,水,北西,2.8,2.7
1991/1/31,木,西北西,2.5,4.0
1991/2/1,金,北西,3.9,2.7
1991/2/2,土,北北西,3.7,1.2
1991/2/3,日,北北東,2.6,1.5
1991/2/4,月,北,2.5,2.1
1991/2/5,火,北,3.5,1.0
1991/2/6,水,北,2.3,2.0
1991/2/7,木,北北東,2.8,2.1
1991/2/8,金,北北西,3.0,0.7
1991/2/9,土,北北東,1.5,1.6
1991/2/10,日,北北東,1.7,3.1
1991/2/11,月,北北東,1.8,5.3
1991/2/12,火,北北西,3.1,2.9
1991/2/13,水,北北東,2.3,2.1
1991/2/14,木,北北東,2.3,2.9
1991/2/15,金,北,3.6,9.2
1991/2/16,土,北,4.7,6.4
1991/2/17,日,北,6.9,2.4
1991/2/18,月,北,2.6,1.3
1991/2/19,火,北,3.3,1.9
1991/2/20,水,南南西,2.7,1.0
1991/2/21,木,南西,5.1,1.5
1991/2/22,金,南西,3.0,-0.1
1991/2/23,土,北,2.7,-2.1
1991/2/24,日,西北西,3.2,-2.1
1991/2/25,月,西北西,4.0,1.6
1991/2/26,火,南南西,3.2,4.8
1991/2/27,水,南南西,2.5,5.4
1991/2/28,木,北北東,2.7,3.9
1991/3/1,金,北,3.5,1.5
1991/12/1,日,北北東,2.4,10.1
1991/12/2,月,北北東,2.2,7.0
1991/12/3,火,北北東,3.3,9.0
1991/12/4,水,北北東,1.9,7.4
1991/12/5,木,北北東,2.5,9.7
1991/12/6,金,北北東,2.5,9.7
1991/12/7,土,北北東,2.6,9.2
1991/12/8,日,北,2.5,6.5
1991/12/9,月,北北西,3.8,4.1
1991/12/10,火,北北東,2.5,3.5
1991/12/11,水,北,3.7,8.6
1991/12/12,木,北,5.0,2.2
1991/12/13,金,北北西,2.6,4.5
1991/12/14,土,南南西,2.2,9.2
1991/12/15,日,北北東,1.7,8.1
1991/12/16,月,北北東,2.4,7.3
1991/12/17,火,北北東,2.3,9.7
1991/12/18,水,北,4.3,7.9
1991/12/19,木,北北西,2.9,4.6
1991/12/20,金,北北東,2.0,3.0
1991/12/21,土,北北東,2.4,6.8
1991/12/22,日,北,1.8,6.8
1991/12/23,月,北北東,1.6,9.8
1991/12/24,火,北,2.7,8.9
1991/12/25,水,北北東,1.8,3.5
1991/12/26,木,北,2.3,3.0
1991/12/27,金,北,1.6,4.5
1991/12/28,土,南南西,5.3,6.9
1991/12/29,日,西北西,4.3,0.9
1991/12/30,月,北西,3.8,1.3
1991/12/31,火,北北東,1.9,4.4
1992/1/1,水,北,1.8,6.0
1992/1/2,木,北北東,1.8,5.0
1992/1/3,金,北北東,2.7,5.4
1992/1/4,土,北西,2.9,5.2
1992/1/5,日,北,2.6,5.4
1992/1/6,月,北北東,1.5,4.4
1992/1/7,火,北北東,1.8,6.7
1992/1/8,水,北北東,2.8,6.0
1992/1/9,木,北北東,1.1,4.0
1992/1/10,金,北,3.3,3.7
1992/1/11,土,北西,1.7,4.9
1992/1/12,日,南南西,3.0,6.6
1992/1/13,月,北,1.7,6.4
1992/1/14,火,北,4.3,1.7
1992/1/15,水,北北東,1.7,1.9
1992/1/16,木,北北東,1.5,3.5
1992/1/17,金,南西,2.2,4.6
1992/1/18,土,北西,4.5,2.5
1992/1/19,日,北北西,3.3,1.8
1992/1/20,月,北西,2.0,3.0
1992/1/21,火,北北東,1.8,3.9
1992/1/22,水,南南西,4.1,5.5
1992/1/23,木,北,4.2,1.6
1992/1/24,金,北北東,3.3,0.9
1992/1/25,土,南南西,3.0,4.1
1992/1/26,日,北北東,2.5,3.1
1992/1/27,月,北北西,4.0,5.2
1992/1/28,火,北西,2.0,4.1
1992/1/29,水,北北東,1.6,4.6
1992/1/30,木,北北東,1.3,2.0
1992/1/31,金,北北東,2.2,2.1
1992/2/1,土,北,3.7,0.2
1992/2/2,日,北北西,2.6,2.7
1992/2/3,月,南,2.6,6.0
1992/2/4,火,北,2.9,4.4
1992/2/5,水,北,2.2,1.9
1992/2/6,木,北北東,1.7,3.2
1992/2/7,金,北,3.1,3.5
1992/2/8,土,北,2.7,0.6
1992/2/9,日,北北東,2.5,0.9
1992/2/10,月,南南西,4.9,4.4
1992/2/11,火,北西,2.9,0.6
1992/2/12,水,北北東,2.5,3.9
1992/2/13,木,北北東,1.7,4.2
1992/2/14,金,北,2.8,3.6
1992/2/15,土,南南西,4.1,6.4
1992/2/16,日,北西,3.9,3.4
1992/2/17,月,北北西,2.7,1.8
1992/2/18,火,南西,2.1,4.1
1992/2/19,水,北,4.5,0.7
1992/2/20,木,北北東,2.4,-0.6
1992/2/21,金,北北西,3.3,1.3
1992/2/22,土,北西,3.5,2.3
1992/2/23,日,北西,2.8,3.9
1992/2/24,月,北北西,3.0,4.0
1992/2/25,火,北,4.0,1.9
1992/2/26,水,西北西,2.3,2.4
1992/2/27,木,北北東,3.3,7.1
1992/2/28,金,北北東,2.4,7.5
1992/2/29,土,南,1.9,10.5
1992/12/1,火,北北東,1.0,9.7
1992/12/2,水,北,3.5,7.9
1992/12/3,木,北北東,1.8,5.7
1992/12/4,金,北北東,2.3,5.9
1992/12/5,土,北北東,1.6,5.1
1992/12/6,日,北,1.3,7.0
1992/12/7,月,北,1.6,13.5
1992/12/8,火,北北西,2.4,13.1
1992/12/9,水,北北東,1.5,10.1
1992/12/10,木,北北東,2.5,11.1
1992/12/11,金,北北西,5.1,6.2
1992/12/12,土,北西,2.7,5.2
1992/12/13,日,南南西,4.0,7.9
1992/12/14,月,北北西,4.0,3.2
1992/12/15,火,北北西,3.8,3.5
1992/12/16,水,北北東,2.2,3.9
1992/12/17,木,北,2.1,4.8
1992/12/18,金,北北西,4.3,4.3
1992/12/19,土,北北東,2.0,3.7
1992/12/20,日,北北東,1.9,6.4
1992/12/21,月,北,2.0,6.5
1992/12/22,火,南西,2.3,9.3
1992/12/23,水,南西,3.1,4.6
1992/12/24,木,北北西,5.3,0.4
1992/12/25,金,西北西,3.8,3.0
1992/12/26,土,北西,2.5,5.6
1992/12/27,日,南南西,2.8,10.1
1992/12/28,月,北北東,1.1,6.5
1992/12/29,火,北北西,1.7,4.9
1992/12/30,水,北,2.6,5.8
1992/12/31,木,北北西,3.6,4.4
1993/1/1,金,北北東,2.3,3.5
1993/1/2,土,南南西,2.1,6.2
1993/1/3,日,南南西,3.5,9.5
1993/1/4,月,北北西,3.5,2.7
1993/1/5,火,北西,2.8,3.1
1993/1/6,水,北,1.3,3.8
1993/1/7,木,北北東,1.2,6.8
1993/1/8,金,北北西,3.0,4.8
1993/1/9,土,北北東,1.8,2.5
1993/1/10,日,北,2.8,4.8
1993/1/11,月,北北東,1.6,3.0
1993/1/12,火,西北西,1.6,3.5
1993/1/13,水,北北東,1.3,3.4
1993/1/14,木,北,0.8,3.3
1993/1/15,金,北北東,1.8,4.5
1993/1/16,土,南南西,3.2,7.4
1993/1/17,日,北西,3.3,4.6
1993/1/18,月,南南西,3.1,3.8
1993/1/19,火,北西,3.6,3.5
1993/1/20,水,北北西,3.3,2.1
1993/1/21,木,西北西,2.6,2.3
1993/1/22,金,西北西,2.0,2.2
1993/1/23,土,北北東,2.2,1.7
1993/1/24,日,北北東,2.0,4.7
1993/1/25,月,北,2.3,6.6
1993/1/26,火,北西,2.0,6.8
1993/1/27,水,南南西,2.5,5.7
1993/1/28,木,北西,4.5,2.0
1993/1/29,金,西北西,3.8,3.3
1993/1/30,土,北北西,2.8,3.3
1993/1/31,日,北北西,2.5,4.8
1993/2/1,月,北西,2.8,1.8
1993/2/2,火,北,3.6,1.6
1993/2/3,水,南南西,3.2,5.5
1993/2/4,木,北北西,3.4,4.8
1993/2/5,金,南南西,2.9,6.4
1993/2/6,土,南南西,4.7,14.7
1993/2/7,日,南南西,4.0,10.0
1993/2/8,月,北西,4.1,0.6
1993/2/9,火,北北西,2.7,2.0
1993/2/10,水,西北西,2.4,2.8
1993/2/11,木,南南西,3.8,5.3
1993/2/12,金,北西,3.9,3.3
1993/2/13,土,西北西,3.6,4.7
1993/2/14,日,北北西,3.5,2.0
1993/2/15,月,南南西,3.4,5.6
1993/2/16,火,北,2.1,6.0
1993/2/17,水,北,3.8,8.3
1993/2/18,木,北西,3.3,5.1
1993/2/19,金,北北西,3.4,3.0
1993/2/20,土,北西,2.3,1.6
1993/2/21,日,北,2.7,4.1
1993/2/22,月,北西,2.1,8.1
1993/2/23,火,北北西,5.5,4.4
1993/2/24,水,北,4.0,1.5
1993/2/25,木,北,3.3,2.5
1993/2/26,金,北北東,2.9,3.6
1993/2/27,土,北北東,2.5,4.8
1993/2/28,日,南西,3.2,6.4
1993/3/1,月,北西,2.8,2.2
1993/12/1,水,北北東,2.8,11.4
1993/12/2,木,北北東,2.1,9.6
1993/12/3,金,北北東,2.0,9.7
1993/12/4,土,北北東,2.6,5.0
1993/12/5,日,北北東,3.1,5.2
1993/12/6,月,北北東,2.0,4.7
1993/12/7,火,北北東,1.8,4.9
1993/12/8,水,北北東,1.8,7.0
1993/12/9,木,北,2.6,8.0
1993/12/10,金,北北東,2.4,6.7
1993/12/11,土,北西,3.5,8.5
1993/12/12,日,南西,1.9,6.1
1993/12/13,月,北北東,2.0,9.5
1993/12/14,火,北,3.9,3.6
1993/12/15,水,北,4.3,0.9
1993/12/16,木,北北東,1.4,1.6
1993/12/17,金,北北西,5.4,3.6
1993/12/18,土,北北西,3.5,3.0
1993/12/19,日,北,1.8,4.6
1993/12/20,月,北北東,1.8,5.5
1993/12/21,火,北北東,3.5,6.6
1993/12/22,水,北北西,4.7,1.2
1993/12/23,木,北西,4.1,2.3
1993/12/24,金,北北東,2.5,6.6
1993/12/25,土,北北東,2.0,5.9
1993/12/26,日,北北東,2.5,7.7
1993/12/27,月,北西,3.9,7.5
1993/12/28,火,北北西,4.6,4.3
1993/12/29,水,北西,2.0,4.8
1993/12/30,木,北北東,2.3,6.0
1993/12/31,金,北,4.3,6.8
1994/1/1,土,北北西,2.9,2.7
1994/1/2,日,南南西,3.4,6.7
1994/1/3,月,南南西,2.2,9.0
1994/1/4,火,北,3.1,5.0
1994/1/5,水,北北東,4.0,2.0
1994/1/6,木,南西,2.9,6.1
1994/1/7,金,北北西,3.8,1.0
1994/1/8,土,北北東,1.5,1.7
1994/1/9,日,北北東,1.8,6.6
1994/1/10,月,北北東,2.4,4.7
1994/1/11,火,北北東,1.8,4.6
1994/1/12,水,北北東,3.0,3.3
1994/1/13,木,北北東,1.7,1.7
1994/1/14,金,北北東,3.3,3.4
1994/1/15,土,北北西,2.6,1.8
1994/1/16,日,北北東,3.4,3.0
1994/1/17,月,北北東,2.0,6.3
1994/1/18,火,北北東,3.1,1.6
1994/1/19,水,北,4.5,-1.0
1994/1/20,木,北北東,3.1,0.6
1994/1/21,金,北北東,2.6,0.7
1994/1/22,土,北西,2.4,1.7
1994/1/23,日,北北東,3.1,0.5
1994/1/24,月,北西,3.0,-0.1
1994/1/25,火,南南西,2.0,3.8
1994/1/26,水,南南西,2.1,7.0
1994/1/27,木,北,5.0,2.0
1994/1/28,金,北北東,2.2,0.8
1994/1/29,土,北,3.6,0.4
1994/1/30,日,北北西,3.6,-1.1
1994/1/31,月,北北東,1.5,1.3
1994/2/1,火,北北東,3.0,3.7
1994/2/2,水,北北西,4.2,-0.4
1994/2/3,木,北北西,4.5,-0.1
1994/2/4,金,北北西,3.4,2.1
1994/2/5,土,北北東,2.0,3.7
1994/2/6,日,北北東,2.5,5.0
1994/2/7,月,北北東,2.8,5.4
1994/2/8,火,北北東,2.1,4.6
1994/2/9,水,南西,2.6,5.8
1994/2/10,木,北北西,4.6,2.3
1994/2/11,金,北西,2.9,0.4
1994/2/12,土,北,3.0,-0.1
1994/2/13,日,北西,4.3,-1.4
1994/2/14,月,北西,3.8,1.9
1994/2/15,火,北西,2.2,4.1
1994/2/16,水,西南西,1.9,4.3
1994/2/17,木,西北西,2.5,2.9
1994/2/18,金,北北東,1.9,4.1
1994/2/19,土,北北東,2.8,3.9
1994/2/20,日,北北東,2.3,7.1
1994/2/21,月,北西,2.8,8.7
1994/2/22,火,北西,4.8,2.2
1994/2/23,水,北北西,4.7,1.1
1994/2/24,木,北西,3.4,1.2
1994/2/25,金,北,2.5,3.3
1994/2/26,土,北北東,3.6,3.6
1994/2/27,日,北北東,2.9,3.4
1994/2/28,月,北北東,1.5,3.6
1994/3/1,火,北北東,2.5,3.6
1994/12/1,木,北北東,2.3,8.7
1994/12/2,金,南西,3.3,12.7
1994/12/3,土,北北西,4.8,7.4
1994/12/4,日,北北西,3.5,6.3
1994/12/5,月,北北西,4.4,6.3
1994/12/6,火,北西,3.2,7.2
1994/12/7,水,南西,5.4,10.8
1994/12/8,木,北北東,2.0,8.0
1994/12/9,金,北北東,3.5,9.5
1994/12/10,土,北北西,3.5,5.9
1994/12/11,日,北北東,1.9,5.3
1994/12/12,月,北北東,1.7,9.7
1994/12/13,火,北北東,1.5,6.3
1994/12/14,水,北北東,3.7,4.4
1994/12/15,木,北北西,3.3,3.9
1994/12/16,金,北,4.6,-0.4
1994/12/17,土,南西,2.5,2.2
1994/12/18,日,北北東,2.5,0.8
1994/12/19,月,北北東,3.7,0.4
1994/12/20,火,北北東,2.6,2.8
1994/12/21,水,北,3.4,5.0
1994/12/22,木,北北東,2.7,4.1
1994/12/23,金,南南西,3.2,10.4
1994/12/24,土,南南西,2.5,11.9
1994/12/25,日,北,3.8,6.0
1994/12/26,月,北北東,2.4,4.0
1994/12/27,火,北北東,1.4,8.1
1994/12/28,水,北,2.5,5.9
1994/12/29,木,北北西,3.3,3.9
1994/12/30,金,北北東,1.8,3.1
1994/12/31,土,北北東,2.8,2.8
1995/1/1,日,北北西,4.5,1.2
1995/1/2,月,北北東,1.8,3.1
1995/1/3,火,南南西,3.0,6.0
1995/1/4,水,南南西,1.5,8.4
1995/1/5,木,南西,3.1,5.1
1995/1/6,金,北,3.9,1.1
1995/1/7,土,南西,4.5,5.7
1995/1/8,日,北西,1.9,4.7
1995/1/9,月,南南西,4.1,7.6
1995/1/10,火,北西,3.9,2.6
1995/1/11,水,北北東,1.7,0.0
1995/1/12,木,北,1.8,1.5
1995/1/13,金,北,3.8,0.6
1995/1/14,土,北,5.0,-1.2
1995/1/15,日,北北西,5.0,0.0
1995/1/16,月,北,3.7,-0.4
1995/1/17,火,北北東,2.5,0.0
1995/1/18,水,北北西,3.9,3.4
1995/1/19,木,北北西,3.4,0.4
1995/1/20,金,北北東,1.7,2.7
1995/1/21,土,北北東,2.1,2.0
1995/1/22,日,北北東,2.4,4.9
1995/1/23,月,北北東,2.5,5.0
1995/1/24,火,北北東,2.8,2.4
1995/1/25,水,北北西,2.8,2.5
1995/1/26,木,北,2.8,2.4
1995/1/27,金,北,3.3,0.0
1995/1/28,土,北北東,1.8,0.6
1995/1/29,日,北北東,2.3,1.3
1995/1/30,月,北北西,5.3,-1.5
1995/1/31,火,北西,3.7,0.6
1995/2/1,水,北,3.7,2.3
1995/2/2,木,北,2.3,1.6
1995/2/3,金,北北東,2.6,1.0
1995/2/4,土,北北東,1.2,1.4
1995/2/5,日,北北東,2.0,2.1
1995/2/6,月,北,3.0,1.7
1995/2/7,火,北,2.7,3.5
1995/2/8,水,南西,3.2,5.3
1995/2/9,木,北北東,2.7,2.8
1995/2/10,金,北北東,3.4,0.8
1995/2/11,土,北北東,2.2,2.0
1995/2/12,日,北北東,2.8,4.3
1995/2/13,月,北北東,1.8,4.3
1995/2/14,火,北北東,2.2,2.3
1995/2/15,水,北北東,2.3,3.7
1995/2/16,木,南西,3.3,3.0
1995/2/17,金,北北西,3.2,1.3
1995/2/18,土,北北西,3.3,2.9
1995/2/19,日,北北東,2.4,3.0
1995/2/20,月,北北東,2.4,2.3
1995/2/21,火,北,3.8,2.6
1995/2/22,水,北北東,2.5,2.5
1995/2/23,木,北北東,2.5,3.8
1995/2/24,金,北,3.0,2.9
1995/2/25,土,北北東,2.0,1.5
1995/2/26,日,南南西,3.1,5.2
1995/2/27,月,北,4.8,4.7
1995/2/28,火,北北東,2.3,2.2
1995/3/1,水,北,2.2,4.4
1995/12/1,金,北西,3.2,6.7
1995/12/2,土,北北西,3.6,7.5
1995/12/3,日,北北東,2.1,6.2
1995/12/4,月,北北東,2.0,5.9
1995/12/5,火,南南西,2.5,5.8
1995/12/6,水,北,4.0,6.1
1995/12/7,木,北,2.8,5.2
1995/12/8,金,北西,3.1,3.2
1995/12/9,土,北,3.3,5.0
1995/12/10,日,南南西,2.2,7.8
1995/12/11,月,南西,2.3,9.2
1995/12/12,火,北,3.5,7.2
1995/12/13,水,北,3.1,6.2
1995/12/14,木,北北東,1.8,5.9
1995/12/15,金,北北西,4.3,7.0
1995/12/16,土,北北西,3.1,3.3
1995/12/17,日,北西,3.9,3.2
1995/12/18,月,北西,2.4,3.9
1995/12/19,火,北北東,2.5,4.0
1995/12/20,水,北北東,2.0,4.6
1995/12/21,木,北西,3.3,5.4
1995/12/22,金,西北西,2.1,6.0
1995/12/23,土,北,3.2,6.5
1995/12/24,日,南西,4.6,4.6
1995/12/25,月,北北西,5.3,-1.0
1995/12/26,火,北,4.1,-0.6
1995/12/27,水,北,3.8,2.4
1995/12/28,木,北北東,2.4,1.2
1995/12/29,金,南西,3.3,4.3
1995/12/30,土,北西,2.8,2.5
1995/12/31,日,南西,4.3,6.5
1996/1/1,月,北西,4.3,2.1
1996/1/2,火,北北東,2.0,2.3
1996/1/3,水,北北東,3.3,4.1
1996/1/4,木,北西,4.1,0.5
1996/1/5,金,北,2.8,4.0
1996/1/6,土,北,3.3,2.6
1996/1/7,日,北北東,1.7,4.2
1996/1/8,月,北,4.5,4.5
1996/1/9,火,北北西,5.7,-2.2
1996/1/10,水,北西,4.4,2.0
1996/1/11,木,北北西,3.4,4.5
1996/1/12,金,北北西,2.6,5.3
1996/1/13,土,北北東,1.8,2.5
1996/1/14,日,北北東,2.0,5.4
1996/1/15,月,北北東,2.3,8.6
1996/1/16,火,北,3.4,4.6
1996/1/17,水,北北西,1.8,1.7
1996/1/18,木,北北東,3.2,2.4
1996/1/19,金,北北東,1.6,1.2
1996/1/20,土,北,2.7,4.0
1996/1/21,日,北北東,2.0,2.8
1996/1/22,月,北北東,1.8,4.6
1996/1/23,火,北,3.3,2.5
1996/1/24,水,北,3.0,-0.5
1996/1/25,木,北,4.3,0.1
1996/1/26,金,北北西,4.3,0.0
1996/1/27,土,北西,1.9,2.0
1996/1/28,日,北北東,1.7,2.1
1996/1/29,月,北北西,2.4,2.9
1996/1/30,火,北,4.8,-0.8
1996/1/31,水,北,4.2,-1.9
1996/2/1,木,北,4.1,-2.8
1996/2/2,金,北,4.4,-3.7
1996/2/3,土,北北西,4.0,0.1
1996/2/4,日,北北東,1.8,1.5
1996/2/5,月,南西,2.7,3.2
1996/2/6,火,北北西,5.4,1.2
1996/2/7,水,北,2.6,2.4
1996/2/8,木,北北東,1.9,2.7
1996/2/9,金,北北東,2.3,0.4
1996/2/10,土,北北西,3.9,-0.6
1996/2/11,日,南西,4.0,4.0
1996/2/12,月,南南西,5.8,9.5
1996/2/13,火,南南西,2.6,10.9
1996/2/14,水,南西,2.8,12.5
1996/2/15,木,北,2.4,3.8
1996/2/16,金,北,3.4,-0.6
1996/2/17,土,北北東,2.1,-0.2
1996/2/18,日,北北東,2.9,0.2
1996/2/19,月,北北西,3.5,-0.9
1996/2/20,火,北,2.3,-0.8
1996/2/21,水,北,3.2,-0.9
1996/2/22,木,北,2.3,-0.2
1996/2/23,金,北北東,1.8,-0.1
1996/2/24,土,北北東,3.0,0.5
1996/2/25,日,北北東,2.0,1.6
1996/2/26,月,北北東,1.8,2.6
1996/2/27,火,北北東,2.8,4.0
1996/2/28,水,北西,2.5,4.5
1996/2/29,木,南南西,3.3,7.2
1996/12/1,日,北北東,2.5,1.2
1996/12/2,月,北北西,3.0,4.1
1996/12/3,火,北北西,2.3,5.8
1996/12/4,水,北北東,2.1,7.3
1996/12/5,木,南南西,2.5,10.4
1996/12/6,金,北,3.2,3.2
1996/12/7,土,北北東,1.5,2.4
1996/12/8,日,北,2.3,5.2
1996/12/9,月,北北東,1.7,6.8
1996/12/10,火,南西,3.2,10.5
1996/12/11,水,南西,1.5,10.1
1996/12/12,木,北北東,1.5,8.9
1996/12/13,金,北北東,2.0,5.5
1996/12/14,土,北北東,2.5,8.1
1996/12/15,日,北北東,1.7,4.1
1996/12/16,月,北北東,2.1,6.2
1996/12/17,火,北北東,2.1,8.4
1996/12/18,水,北,4.0,5.8
1996/12/19,木,北北東,2.0,1.5
1996/12/20,金,北北東,2.0,2.0
1996/12/21,土,北北東,1.3,3.7
1996/12/22,日,南南西,3.6,6.7
1996/12/23,月,北西,3.4,4.8
1996/12/24,火,南西,3.5,8.2
1996/12/25,水,南西,4.6,9.0
1996/12/26,木,北北西,3.3,3.4
1996/12/27,金,南南西,2.2,3.7
1996/12/28,土,北西,3.9,6.3
1996/12/29,日,南南西,2.0,6.6
1996/12/30,月,北北東,1.8,7.0
1996/12/31,火,北北東,1.8,6.1
1997/1/1,水,南南西,2.2,11.7
1997/1/2,木,南西,3.2,5.5
1997/1/3,金,北西,4.2,2.4
1997/1/4,土,北西,3.0,2.1
1997/1/5,日,北北東,2.7,3.6
1997/1/6,月,南西,7.7,6.8
1997/1/7,火,北,5.2,5.3
1997/1/8,水,北北東,2.6,2.4
1997/1/9,木,北北西,2.5,3.5
1997/1/10,金,北北西,2.4,4.0
1997/1/11,土,北北西,2.2,3.8
1997/1/12,日,北北東,2.2,2.7
1997/1/13,月,北北東,2.5,2.8
1997/1/14,火,北,4.4,4.3
1997/1/15,水,北,3.0,2.0
1997/1/16,木,北北東,1.8,2.9
1997/1/17,金,北北東,2.0,3.5
1997/1/18,土,北北西,3.8,4.6
1997/1/19,日,北,2.7,2.2
1997/1/20,月,北西,2.3,4.1
1997/1/21,火,北,3.3,-0.5
1997/1/22,水,北,5.0,-0.8
1997/1/23,木,西北西,2.3,3.9
1997/1/24,金,北,3.4,2.0
1997/1/25,土,北西,4.5,0.5
1997/1/26,日,北北西,3.5,1.9
1997/1/27,月,北,2.7,3.8
1997/1/28,火,北北東,2.0,2.8
1997/1/29,水,北,4.1,2.0
1997/1/30,木,北北西,3.7,1.0
1997/1/31,金,北北西,2.5,2.7
1997/2/1,土,北北東,2.9,2.7
1997/2/2,日,北北東,2.1,1.3
1997/2/3,月,北,3.1,3.3
1997/2/4,火,北西,4.1,2.1
1997/2/5,水,北北東,1.8,3.1
1997/2/6,木,北北東,2.4,3.3
1997/2/7,金,北北東,2.5,2.2
1997/2/8,土,北北東,2.2,2.0
1997/2/9,日,北北東,1.6,3.2
1997/2/10,月,北北東,2.3,2.4
1997/2/11,火,南西,2.6,3.3
1997/2/12,水,北北西,3.8,2.3
1997/2/13,木,北西,2.8,1.6
1997/2/14,金,北北東,2.2,2.3
1997/2/15,土,北北東,2.3,4.4
1997/2/16,日,南南西,2.3,5.7
1997/2/17,月,北北西,3.7,2.2
1997/2/18,火,北北西,3.5,0.8
1997/2/19,水,北北西,3.3,1.4
1997/2/20,木,南西,4.8,5.4
1997/2/21,金,北西,5.1,0.5
1997/2/22,土,北,4.1,-1.9
1997/2/23,日,北西,2.0,2.0
1997/2/24,月,北北東,2.6,3.5
1997/2/25,火,北北東,2.2,5.5
1997/2/26,水,北,2.7,5.8
1997/2/27,木,北北東,1.6,2.5
1997/2/28,金,北北東,1.6,6.8
1997/3/1,土,北,3.8,6.6
1997/12/1,月,北北東,2.0,6.7
1997/12/2,火,北,3.3,2.9
1997/12/3,水,北北西,4.0,0.7
1997/12/4,木,北北東,2.2,3.5
1997/12/5,金,北北東,2.4,7.6
1997/12/6,土,北北東,1.9,8.0
1997/12/7,日,北北東,1.7,11.7
1997/12/8,月,南西,1.2,12.7
1997/12/9,火,南西,2.1,8.9
1997/12/10,水,南西,4.5,5.5
1997/12/11,木,南西,3.4,3.9
1997/12/12,金,北北西,3.6,3.6
1997/12/13,土,北北東,2.8,3.0
1997/12/14,日,北北東,2.3,5.5
1997/12/15,月,北北西,3.8,7.9
1997/12/16,火,北,2.4,6.5
1997/12/17,水,北北東,2.3,5.2
1997/12/18,木,北北東,2.1,8.0
1997/12/19,金,北北東,2.3,10.3
1997/12/20,土,北,2.9,10.6
1997/12/21,日,北,2.8,4.9
1997/12/22,月,北北東,1.7,2.9
1997/12/23,火,北北東,1.6,4.2
1997/12/24,水,北北東,1.6,3.9
1997/12/25,木,北北東,2.0,3.7
1997/12/26,金,北北東,2.0,3.6
1997/12/27,土,北北東,2.2,9.2
1997/12/28,日,北,3.7,5.9
1997/12/29,月,北北東,1.6,3.3
1997/12/30,火,北北東,2.5,6.1
1997/12/31,水,北西,2.6,6.0
1998/1/1,木,南西,2.1,6.3
1998/1/2,金,北北東,2.0,3.4
1998/1/3,土,南西,2.4,7.8
1998/1/4,日,北西,4.0,5.9
1998/1/5,月,北北西,2.3,2.7
1998/1/6,火,北北西,3.3,2.4
1998/1/7,水,北,3.9,1.3
1998/1/8,木,北北東,1.9,0.4
1998/1/9,金,北,2.1,1.8
1998/1/10,土,北北東,1.7,3.8
1998/1/11,日,北北東,1.7,2.4
1998/1/12,月,北北東,1.0,1.8
1998/1/13,火,北北東,2.5,2.5
1998/1/14,水,北北東,2.4,3.0
1998/1/15,木,北北東,3.7,1.2
1998/1/16,金,北北東,1.5,2.0
1998/1/17,土,北北東,1.8,3.1
1998/1/18,日,北,1.8,7.0
1998/1/19,月,北,3.3,1.2
1998/1/20,火,南西,3.3,1.7
1998/1/21,水,西北西,3.7,2.9
1998/1/22,木,北西,2.4,1.0
1998/1/23,金,北,1.6,2.1
1998/1/24,土,北,4.2,-1.7
1998/1/25,日,北西,2.8,0.0
1998/1/26,月,北,3.0,0.8
1998/1/27,火,北,3.0,-0.7
1998/1/28,水,北北東,3.3,-0.8
1998/1/29,木,北,3.2,0.6
1998/1/30,金,南南西,3.6,3.6
1998/1/31,土,北西,3.9,2.7
1998/2/1,日,北,2.7,1.7
1998/2/2,月,北北東,1.7,3.4
1998/2/3,火,北,2.2,5.2
1998/2/4,水,北,3.1,0.1
1998/2/5,木,北北西,1.8,1.7
1998/2/6,金,北北東,1.8,2.3
1998/2/7,土,北北東,1.9,3.2
1998/2/8,日,南西,2.8,3.8
1998/2/9,月,北西,3.2,2.5
1998/2/10,火,北,2.7,0.3
1998/2/11,水,北,1.8,2.5
1998/2/12,木,北東,1.8,6.3
1998/2/13,金,北,1.7,5.8
1998/2/14,土,北北東,2.0,3.0
1998/2/15,日,北北東,2.5,1.9
1998/2/16,月,北北東,1.6,1.2
1998/2/17,火,北,3.3,0.6
1998/2/18,水,北北東,2.6,1.0
1998/2/19,木,北北東,2.0,2.9
1998/2/20,金,北北東,2.4,7.6
1998/2/21,土,北,3.0,4.9
1998/2/22,日,北北東,2.0,1.5
1998/2/23,月,北北東,2.4,1.7
1998/2/24,火,北北東,1.5,4.6
1998/2/25,水,北北東,2.6,7.2
1998/2/26,木,南南西,1.2,8.1
1998/2/27,金,北北東,1.8,7.4
1998/2/28,土,北北東,1.7,7.0
1998/3/1,日,北,1.8,5.9
1998/12/1,火,北北東,2.7,10.5
1998/12/2,水,北北東,1.4,2.8
1998/12/3,木,北北東,2.1,2.8
1998/12/4,金,北北東,2.1,4.7
1998/12/5,土,北,1.8,9.3
1998/12/6,日,北北東,2.0,6.0
1998/12/7,月,北北東,1.8,8.5
1998/12/8,火,西,2.6,8.9
1998/12/9,水,北,2.6,4.1
1998/12/10,木,北北東,2.7,3.5
1998/12/11,金,南西,3.7,5.6
1998/12/12,土,北北西,1.5,5.2
1998/12/13,日,南西,4.3,10.9
1998/12/14,月,西南西,2.4,11.1
1998/12/15,火,北,1.8,8.5
1998/12/16,水,南西,3.5,10.9
1998/12/17,木,北,3.9,7.3
1998/12/18,金,北北東,2.3,3.1
1998/12/19,土,北北東,3.0,9.2
1998/12/20,日,北北西,4.2,5.5
1998/12/21,月,北西,2.3,5.1
1998/12/22,火,北北東,2.5,7.1
1998/12/23,水,北,2.9,6.7
1998/12/24,木,北北西,3.0,5.2
1998/12/25,金,南西,2.2,5.5
1998/12/26,土,北,3.3,6.0
1998/12/27,日,北北東,2.2,4.4
1998/12/28,月,北北東,1.7,4.7
1998/12/29,火,北北東,3.3,6.7
1998/12/30,水,北,3.8,2.8
1998/12/31,木,北,4.2,1.4
1999/1/1,金,北西,3.3,1.1
1999/1/2,土,北北東,1.2,1.2
1999/1/3,日,北北西,3.0,2.6
1999/1/4,月,北北西,3.3,2.6
1999/1/5,火,南南西,2.4,4.6
1999/1/6,水,北,1.3,6.3
1999/1/7,木,北,3.8,2.3
1999/1/8,金,北,4.8,-2.6
1999/1/9,土,北北西,4.3,-1.2
1999/1/10,日,北西,4.3,1.2
1999/1/11,月,北北西,3.8,1.3
1999/1/12,火,北北西,3.2,3.3
1999/1/13,水,北北西,3.3,3.8
1999/1/14,木,北北西,3.5,2.5
1999/1/15,金,北,1.5,4.4
1999/1/16,土,北,3.3,3.1
1999/1/17,日,北北西,2.1,2.2
1999/1/18,月,北北東,2.2,3.6
1999/1/19,火,北北東,1.9,6.2
1999/1/20,水,北,3.2,5.3
1999/1/21,木,北,3.1,1.2
1999/1/22,金,南西,2.9,5.4
1999/1/23,土,北北東,2.8,5.7
1999/1/24,日,北北東,1.5,2.8
1999/1/25,月,南南西,1.9,7.3
1999/1/26,火,北,2.8,5.7
1999/1/27,水,南南西,2.9,6.9
1999/1/28,木,北,2.5,4.5
1999/1/29,金,北北東,2.5,-0.9
1999/1/30,土,南西,2.8,-0.3
1999/1/31,日,北,3.1,4.2
1999/2/1,月,北,2.3,5.2
1999/2/2,火,北北東,2.5,-0.1
1999/2/3,水,北,3.5,-3.0
1999/2/4,木,北北東,3.1,-0.2
1999/2/5,金,北北東,3.2,0.5
1999/2/6,土,北西,3.0,1.1
1999/2/7,日,南西,3.3,4.7
1999/2/8,月,北,2.5,3.7
1999/2/9,火,南南西,2.9,3.1
1999/2/10,水,北,3.0,1.6
1999/2/11,木,北北東,2.0,2.7
1999/2/12,金,北西,3.7,2.2
1999/2/13,土,北西,4.0,-2.1
1999/2/14,日,北,3.5,0.1
1999/2/15,月,北北東,2.4,1.6
1999/2/16,火,北北東,2.8,5.8
1999/2/17,水,南西,3.9,7.9
1999/2/18,木,南西,2.7,7.4
1999/2/19,金,北,2.1,1.5
1999/2/20,土,北北東,3.3,0.0
1999/2/21,日,北,3.1,0.2
1999/2/22,月,南西,2.1,2.3
1999/2/23,火,北,2.1,2.2
1999/2/24,水,北北東,1.8,3.2
1999/2/25,木,北北西,3.1,4.6
1999/2/26,金,北北東,1.8,5.4
1999/2/27,土,北西,3.3,3.6
1999/2/28,日,北西,3.3,2.0
1999/3/1,月,南西,3.8,7.7
1999/12/1,水,北北東,1.1,7.1
1999/12/2,木,北,3.5,8.9
1999/12/3,金,北北西,2.9,5.3
1999/12/4,土,南南西,2.9,9.3
1999/12/5,日,北,1.7,7.9
1999/12/6,月,北北東,3.1,8.3
1999/12/7,火,北北西,4.9,4.3
1999/12/8,水,北北東,2.5,6.8
1999/12/9,木,南西,4.2,10.9
1999/12/10,金,南西,3.8,11.9
1999/12/11,土,北北西,4.8,6.2
1999/12/12,日,北,3.9,3.6
1999/12/13,月,北,3.7,5.2
1999/12/14,火,北,2.8,4.4
1999/12/15,水,北北東,1.5,3.3
1999/12/16,木,北北東,2.0,5.6
1999/12/17,金,北,3.0,6.8
1999/12/18,土,北北東,3.6,2.6
1999/12/19,日,北北東,1.1,0.5
1999/12/20,月,南西,2.2,2.1
1999/12/21,火,北北東,2.8,3.6
1999/12/22,水,北西,2.3,3.8
1999/12/23,木,北北西,2.5,4.3
1999/12/24,金,南南西,4.3,7.4
1999/12/25,土,南西,4.1,6.7
1999/12/26,日,北,2.9,3.1
1999/12/27,月,北北西,2.1,5.1
1999/12/28,火,南西,3.6,8.6
1999/12/29,水,北,3.1,6.7
1999/12/30,木,北北東,2.1,5.6
1999/12/31,金,北北東,2.0,6.6
2000/1/1,土,北,2.4,5.0
2000/1/2,日,北北東,2.1,4.4
2000/1/3,月,南西,2.8,7.7
2000/1/4,火,西北西,2.4,6.4
2000/1/5,水,北北東,1.3,5.7
2000/1/6,木,北西,1.0,8.7
2000/1/7,金,北北西,2.4,7.2
2000/1/8,土,南西,2.7,6.2
2000/1/9,日,北北東,1.3,6.1
2000/1/10,月,北,3.0,6.4
2000/1/11,火,北西,2.7,2.6
2000/1/12,水,北北東,1.8,3.3
2000/1/13,木,北東,0.6,7.7
2000/1/14,金,南西,3.0,7.1
2000/1/15,土,北北東,2.1,4.8
2000/1/16,日,北北東,1.9,4.4
2000/1/17,月,北北東,1.3,5.0
2000/1/18,火,北北東,2.0,3.1
2000/1/19,水,北北東,2.5,4.3
2000/1/20,木,南西,4.2,3.0
2000/1/21,金,北北西,4.0,0.1
2000/1/22,土,北,2.1,1.1
2000/1/23,日,南南西,2.4,4.4
2000/1/24,月,北北東,2.9,3.5
2000/1/25,火,北,3.8,-1.1
2000/1/26,水,北,3.4,-1.1
2000/1/27,木,北北東,2.8,0.2
2000/1/28,金,西北西,1.8,3.4
2000/1/29,土,北北東,1.7,4.1
2000/1/30,日,南西,3.9,3.9
2000/1/31,月,北,4.0,1.6
2000/2/1,火,北西,1.9,2.2
2000/2/2,水,南西,2.1,4.4
2000/2/3,木,北北東,1.6,4.4
2000/2/4,金,北北東,1.4,2.2
2000/2/5,土,北北西,1.7,3.7
2000/2/6,日,北北東,1.5,3.3
2000/2/7,月,西南西,2.6,5.1
2000/2/8,火,南西,3.8,2.9
2000/2/9,水,北西,4.6,1.5
2000/2/10,木,北西,2.7,2.2
2000/2/11,金,南西,2.6,3.9
2000/2/12,土,北,2.8,4.5
2000/2/13,日,北,2.4,2.9
2000/2/14,月,南西,2.4,4.0
2000/2/15,火,北,4.9,0.3
2000/2/16,水,北北西,4.8,-1.5
2000/2/17,木,北北西,3.3,-0.1
2000/2/18,金,北西,3.2,0.6
2000/2/19,土,北北東,1.9,1.6
2000/2/20,日,北,2.2,2.4
2000/2/21,月,北西,3.9,0.0
2000/2/22,火,北西,3.7,-0.3
2000/2/23,水,北西,2.8,1.8
2000/2/24,木,北北東,3.5,-0.7
2000/2/25,金,北北西,3.2,-0.8
2000/2/26,土,北北東,1.5,1.3
2000/2/27,日,北西,2.9,2.5
2000/2/28,月,北,2.2,0.0
2000/2/29,火,北西,3.8,-0.6
2000/12/1,金,北北東,1.8,6.0
2000/12/2,土,北北東,2.0,6.9
2000/12/3,日,北,3.4,8.7
2000/12/4,月,北北東,3.1,3.9
2000/12/5,火,南西,4.4,7.9
2000/12/6,水,北北西,3.2,4.2
2000/12/7,木,北北東,1.7,2.7
2000/12/8,金,北北東,1.7,6.5
2000/12/9,土,北北東,2.0,9.3
2000/12/10,日,南西,2.9,10.2
2000/12/11,月,北,4.2,2.7
2000/12/12,火,北,3.4,1.7
2000/12/13,水,北北東,1.9,3.3
2000/12/14,木,北北東,2.0,5.8
2000/12/15,金,南西,4.2,8.0
2000/12/16,土,北北西,4.6,8.4
2000/12/17,日,北北東,1.5,4.5
2000/12/18,月,北北東,2.0,6.1
2000/12/19,火,南西,2.8,9.6
2000/12/20,水,北北東,1.7,6.3
2000/12/21,木,北,4.0,7.0
2000/12/22,金,北北東,2.0,4.5
2000/12/23,土,南西,2.8,8.2
2000/12/24,日,北北西,2.5,4.4
2000/12/25,月,北北東,2.9,1.0
2000/12/26,火,北北西,4.0,-0.2
2000/12/27,水,北,2.5,2.0
2000/12/28,木,北,3.6,3.2
2000/12/29,金,北北西,1.8,2.4
2000/12/30,土,北北東,2.4,3.3
2000/12/31,日,北北東,2.8,6.4
2001/1/1,月,北西,2.8,2.9
2001/1/2,火,南西,2.8,4.3
2001/1/3,水,北北西,3.1,1.0
2001/1/4,木,北北西,3.5,1.0
2001/1/5,金,北西,3.2,1.7
2001/1/6,土,北北西,2.6,1.3
2001/1/7,日,北北東,1.6,1.9
2001/1/8,月,北北東,1.5,2.2
2001/1/9,火,北北東,1.7,4.9
2001/1/10,水,北,3.0,5.4
2001/1/11,木,南南西,3.5,4.1
2001/1/12,金,北,4.1,-0.5
2001/1/13,土,北,2.3,-0.7
2001/1/14,日,北北東,3.2,-1.9
2001/1/15,月,北北西,4.1,-1.2
2001/1/16,火,北北西,3.1,-0.4
2001/1/17,水,北,2.8,-0.6
2001/1/18,木,北,2.8,0.3
2001/1/19,金,北北東,2.4,-1.5
2001/1/20,土,北北東,2.0,1.1
2001/1/21,日,北北西,2.5,3.3
2001/1/22,月,北,2.9,2.6
2001/1/23,火,北,2.5,1.0
2001/1/24,水,北北東,1.5,1.5
2001/1/25,木,北北東,1.9,1.7
2001/1/26,金,北北東,2.5,2.6
2001/1/27,土,北北東,2.2,2.8
2001/1/28,日,北西,2.0,4.5
2001/1/29,月,北北西,2.4,2.3
2001/1/30,火,南西,2.8,2.8
2001/1/31,水,北北東,1.7,2.1
2001/2/1,木,南南西,3.4,5.2
2001/2/2,金,北,3.2,-0.3
2001/2/3,土,北北西,3.3,0.8
2001/2/4,日,北北西,2.0,0.3
2001/2/5,月,北北東,2.5,2.6
2001/2/6,火,北北東,1.8,3.3
2001/2/7,水,北北東,1.2,2.5
2001/2/8,木,北,2.9,0.7
2001/2/9,金,南西,1.8,1.6
2001/2/10,土,南西,2.4,1.7
2001/2/11,日,北,2.8,0.1
2001/2/12,月,北,2.3,-0.3
2001/2/13,火,北北東,1.9,-0.7
2001/2/14,水,北北東,2.7,-1.2
2001/2/15,木,北北西,1.7,0.2
2001/2/16,金,北,4.0,0.7
2001/2/17,土,南西,2.7,2.6
2001/2/18,日,南西,3.7,7.4
2001/2/19,月,北北東,2.9,4.5
2001/2/20,火,北北東,1.7,1.7
2001/2/21,水,北北東,1.8,5.0
2001/2/22,木,北北東,1.5,8.2
2001/2/23,金,北北東,2.0,6.7
2001/2/24,土,北北東,1.5,2.4
2001/2/25,日,北北西,3.3,0.6
2001/2/26,月,北,2.4,1.8
2001/2/27,火,南南西,2.1,5.2
2001/2/28,水,北北東,2.9,5.9
2001/3/1,木,北北東,1.9,4.1
2001/12/1,土,南西,2.1,8.3
2001/12/2,日,北北東,2.5,6.9
2001/12/3,月,北,3.3,9.0
2001/12/4,火,北北東,1.2,6.6
2001/12/5,水,北北東,1.9,6.5
2001/12/6,木,北北東,1.8,7.4
2001/12/7,金,北,3.1,5.1
2001/12/8,土,北北東,1.4,4.7
2001/12/9,日,北,3.8,5.4
2001/12/10,月,北北西,2.9,4.1
2001/12/11,火,北,2.8,4.3
2001/12/12,水,北,1.8,5.9
2001/12/13,木,北,2.8,8.3
2001/12/14,金,南西,3.0,4.1
2001/12/15,土,北北西,3.4,2.6
2001/12/16,日,北北西,2.6,4.2
2001/12/17,月,北,2.3,4.8
2001/12/18,火,北,3.1,3.5
2001/12/19,水,北,3.9,4.3
2001/12/20,木,北,2.4,4.4
2001/12/21,金,北北東,1.7,5.3
2001/12/22,土,北,4.6,4.3
2001/12/23,日,北北東,1.5,3.4
2001/12/24,月,北北東,3.5,4.5
2001/12/25,火,北北東,1.8,2.8
2001/12/26,水,北北西,2.3,3.8
2001/12/27,木,南西,1.6,4.6
2001/12/28,金,北北東,2.3,1.7
2001/12/29,土,北北東,3.0,4.0
2001/12/30,日,北北西,3.9,3.5
2001/12/31,月,北北西,2.4,2.7
2002/1/1,火,南南西,3.9,5.2
2002/1/2,水,北,3.0,-0.6
2002/1/3,木,北北西,3.3,1.6
2002/1/4,金,北西,2.3,4.5
2002/1/5,土,北,3.6,4.1
2002/1/6,日,北北東,2.5,1.5
2002/1/7,月,北北東,2.0,4.2
2002/1/8,火,南西,4.4,3.6
2002/1/9,水,西北西,3.0,3.6
2002/1/10,木,南西,1.8,6.2
2002/1/11,金,北西,2.8,7.5
2002/1/12,土,北,3.1,8.1
2002/1/13,日,北北東,2.1,4.2
2002/1/14,月,北北東,2.2,2.5
2002/1/15,火,北北東,2.3,9.2
2002/1/16,水,北北東,0.8,6.2
2002/1/17,木,北北東,2.8,3.5
2002/1/18,金,北,2.3,3.4
2002/1/19,土,北北東,1.5,2.9
2002/1/20,日,北北東,1.6,4.2
2002/1/21,月,北北東,2.2,8.4
2002/1/22,火,南西,3.5,5.1
2002/1/23,水,北北西,2.2,2.9
2002/1/24,木,北北西,2.6,3.3
2002/1/25,金,北北西,2.3,2.7
2002/1/26,土,北北東,2.0,3.6
2002/1/27,日,北北東,4.0,4.9
2002/1/28,月,北北西,2.5,3.8
2002/1/29,火,北北西,2.0,1.4
2002/1/30,水,北北西,2.8,2.2
2002/1/31,木,北北西,2.2,1.3
2002/2/1,金,南,2.0,2.9
2002/2/2,土,南南西,2.5,6.0
2002/2/3,日,北北東,1.8,4.0
2002/2/4,月,北北東,1.6,2.6
2002/2/5,火,北北東,1.7,4.4
2002/2/6,水,北北東,1.8,5.9
2002/2/7,木,北北東,2.8,5.8
2002/2/8,金,南南西,3.3,8.3
2002/2/9,土,北,3.6,0.5
2002/2/10,日,北,1.6,0.1
2002/2/11,月,北,2.9,0.5
2002/2/12,火,北北西,3.3,1.1
2002/2/13,水,北北東,1.5,0.7
2002/2/14,木,北北西,2.3,1.4
2002/2/15,金,北,2.5,1.7
2002/2/16,土,北北東,1.8,2.6
2002/2/17,日,北北東,2.0,5.6
2002/2/18,月,北西,3.3,3.7
2002/2/19,火,北,3.3,2.0
2002/2/20,水,南西,2.8,6.8
2002/2/21,木,南南西,1.5,8.4
2002/2/22,金,南西,2.2,7.8
2002/2/23,土,北北西,1.9,6.4
2002/2/24,日,北北東,1.9,3.3
2002/2/25,月,北北東,2.1,2.1
2002/2/26,火,北北東,1.9,5.7
2002/2/27,水,北北東,2.3,6.8
2002/2/28,木,北北東,1.3,7.3
2002/3/1,金,北北東,1.5,7.4
2002/12/1,日,北北東,2.3,6.7
2002/12/2,月,北北東,1.8,6.8
2002/12/3,火,北北東,2.2,8.1
2002/12/4,水,北北東,0.7,9.3
2002/12/5,木,北,2.0,11.3
2002/12/6,金,北,2.3,5.5
2002/12/7,土,北北東,2.2,5.3
2002/12/8,日,北北東,2.7,3.2
2002/12/9,月,北北東,1.9,2.5
2002/12/10,火,北,2.6,0.7
2002/12/11,水,北,2.1,2.2
2002/12/12,木,北北東,1.5,1.4
2002/12/13,金,北北西,3.2,2.0
2002/12/14,土,南南西,1.3,4.4
2002/12/15,日,南南西,3.0,10.9
2002/12/16,月,北北東,1.9,10.1
2002/12/17,火,北,3.4,5.5
2002/12/18,水,北北東,2.8,6.2
2002/12/19,木,北,2.5,5.7
2002/12/20,金,北北東,2.0,3.7
2002/12/21,土,北北東,1.1,3.4
2002/12/22,日,北北東,1.7,3.9
2002/12/23,月,北北東,2.4,3.6
2002/12/24,火,北北東,2.0,6.0
2002/12/25,水,北北東,2.9,4.0
2002/12/26,木,北北西,3.3,0.6
2002/12/27,金,北北西,3.3,-0.6
2002/12/28,土,南南西,3.2,4.1
2002/12/29,日,北,3.5,2.2
2002/12/30,月,北北東,2.1,3.2
2002/12/31,火,北北東,1.3,1.3
2003/1/1,水,北北東,2.0,1.8
2003/1/2,木,北北西,3.1,-1.3
2003/1/3,金,北北東,1.5,2.4
2003/1/4,土,南西,3.4,2.9
2003/1/5,日,北北西,4.0,-0.6
2003/1/6,月,北北西,3.1,0.8
2003/1/7,火,北,2.3,2.0
2003/1/8,水,北北東,2.0,2.4
2003/1/9,木,南南西,2.5,3.5
2003/1/10,金,北,2.9,4.6
2003/1/11,土,北北東,1.8,2.9
2003/1/12,日,北,3.0,4.3
2003/1/13,月,南南西,3.9,8.4
2003/1/14,火,南南西,4.8,6.4
2003/1/15,水,北北西,3.0,-0.9
2003/1/16,木,南南西,3.2,4.7
2003/1/17,金,南西,2.9,7.2
2003/1/18,土,北北東,1.3,2.8
2003/1/19,日,北北東,1.5,4.3
2003/1/20,月,北,1.3,2.1
2003/1/21,火,北北西,3.1,0.7
2003/1/22,水,北北西,1.8,1.6
2003/1/23,木,北,1.9,3.0
2003/1/24,金,北,3.7,2.2
2003/1/25,土,北,3.0,2.5
2003/1/26,日,北北東,1.4,2.4
2003/1/27,月,北北東,2.4,7.2
2003/1/28,火,南西,4.7,4.3
2003/1/29,水,北西,4.0,-1.3
2003/1/30,木,西北西,3.0,0.3
2003/1/31,金,北,3.3,1.3
2003/2/1,土,北北西,2.2,0.3
2003/2/2,日,北北東,2.0,-0.3
2003/2/3,月,北西,1.7,1.8
2003/2/4,火,北北東,1.8,1.7
2003/2/5,水,北北東,1.7,0.4
2003/2/6,木,北,2.1,2.1
2003/2/7,金,南南西,3.6,7.5
2003/2/8,土,北北東,1.8,7.5
2003/2/9,日,北北東,1.4,7.1
2003/2/10,月,北北東,1.6,7.3
2003/2/11,火,北北東,1.3,5.4
2003/2/12,水,北,3.0,0.5
2003/2/13,木,北北東,1.8,1.0
2003/2/14,金,北,2.8,2.6
2003/2/15,土,北北東,2.2,2.5
2003/2/16,日,北北東,2.8,4.3
2003/2/17,月,北,2.0,4.6
2003/2/18,火,北北東,2.2,2.9
2003/2/19,水,北北東,1.8,3.7
2003/2/20,木,北,3.2,4.4
2003/2/21,金,北,1.8,2.8
2003/2/22,土,北北東,1.9,3.4
2003/2/23,日,北北東,1.5,4.4
2003/2/24,月,北北東,1.3,3.1
2003/2/25,火,北,1.8,3.3
2003/2/26,水,南南西,3.4,5.4
2003/2/27,木,北,3.5,2.1
2003/2/28,金,北北東,1.8,1.1
2003/3/1,土,北北東,1.8,5.1
2003/12/1,月,北北東,1.9,10.6
2003/12/2,火,北北東,2.8,10.7
2003/12/3,水,北北東,1.8,9.0
2003/12/4,木,北北東,3.5,6.8
2003/12/5,金,北北東,1.7,5.7
2003/12/6,土,北北東,2.0,9.8
2003/12/7,日,北,4.0,6.1
2003/12/8,月,南西,2.6,5.7
2003/12/9,火,北,3.3,4.7
2003/12/10,水,北北東,1.7,5.4
2003/12/11,木,北北東,1.7,6.2
2003/12/12,金,南西,2.3,8.5
2003/12/13,土,南西,2.3,7.6
2003/12/14,日,南南西,1.4,7.9
2003/12/15,月,南南西,3.4,8.2
2003/12/16,火,北,3.1,5.5
2003/12/17,水,南南西,3.3,7.1
2003/12/18,木,北北西,3.2,7.1
2003/12/19,金,北,3.8,4.1
2003/12/20,土,北北西,4.8,2.4
2003/12/21,日,北西,2.3,5.4
2003/12/22,月,南西,4.0,10.2
2003/12/23,火,南西,2.5,11.9
2003/12/24,水,北,1.6,11.1
2003/12/25,木,南南西,3.7,10.3
2003/12/26,金,北,3.9,4.4
2003/12/27,土,北北西,3.4,2.1
2003/12/28,日,南西,2.8,6.3
2003/12/29,月,南南西,5.2,9.6
2003/12/30,火,北北西,2.5,4.0
2003/12/31,水,北北東,2.9,6.2
2004/1/1,木,南南西,2.3,7.6
2004/1/2,金,南南西,1.4,8.3
2004/1/3,土,北北西,2.5,7.3
2004/1/4,日,北北東,2.2,4.7
2004/1/5,月,北北東,1.2,2.8
2004/1/6,火,北北東,1.8,2.3
2004/1/7,水,北北東,2.5,4.1
2004/1/8,木,北北西,3.3,2.1
2004/1/9,金,北北西,1.8,3.0
2004/1/10,土,北北東,3.5,2.9
2004/1/11,日,北北西,2.6,0.9
2004/1/12,月,北北東,1.5,2.6
2004/1/13,火,南西,4.1,3.9
2004/1/14,水,北北西,3.7,-0.1
2004/1/15,木,北北西,3.3,-0.3
2004/1/16,金,北北東,2.5,-0.8
2004/1/17,土,北北東,2.0,0.4
2004/1/18,日,北北東,1.5,2.2
2004/1/19,月,南南西,3.0,6.2
2004/1/20,火,北西,1.5,5.3
2004/1/21,水,南西,2.7,4.7
2004/1/22,木,南西,4.7,0.2
2004/1/23,金,北西,3.4,2.1
2004/1/24,土,北北西,1.9,3.1
2004/1/25,日,北,1.2,2.3
2004/1/26,月,北北西,2.1,2.9
2004/1/27,火,北北東,2.6,1.1
2004/1/28,水,北,3.3,3.9
2004/1/29,木,北,2.0,3.7
2004/1/30,金,北北東,2.0,4.0
2004/1/31,土,北北西,2.0,4.3
2004/2/1,日,北北西,1.1,4.7
2004/2/2,月,北,0.9,5.6
2004/2/3,火,北北東,2.0,2.8
2004/2/4,水,北,2.8,2.3
2004/2/5,木,北,3.5,1.0
2004/2/6,金,北北西,2.1,1.2
2004/2/7,土,北,2.7,1.0
2004/2/8,日,北北西,2.1,2.2
2004/2/9,月,北北西,2.7,2.1
2004/2/10,火,北北東,1.6,0.7
2004/2/11,水,北北東,3.0,2.4
2004/2/12,木,北,2.3,5.6
2004/2/13,金,北北東,1.8,3.1
2004/2/14,土,南西,3.3,6.6
2004/2/15,日,北北西,3.3,4.5
2004/2/16,月,北北西,2.2,2.9
2004/2/17,火,南南西,3.1,4.6
2004/2/18,水,北西,2.0,4.2
2004/2/19,木,北北東,2.3,7.4
2004/2/20,金,北北東,1.8,5.9
2004/2/21,土,北北東,2.1,9.0
2004/2/22,日,南南西,2.5,13.5
2004/2/23,月,北西,3.6,4.5
2004/2/24,火,南南西,2.5,5.7
2004/2/25,水,北北東,1.7,8.2
2004/2/26,木,北,3.2,5.9
2004/2/27,金,北西,2.0,2.6
2004/2/28,土,北北東,1.8,5.2
2004/2/29,日,北北東,2.6,6.1
2004/12/1,水,北北東,1.8,8.8
2004/12/2,木,北北東,2.8,7.6
2004/12/3,金,北北東,2.8,7.0
2004/12/4,土,北北東,1.9,13.5
2004/12/5,日,南西,3.8,12.5
2004/12/6,月,北,2.8,7.7
2004/12/7,火,南南西,3.3,10.6
2004/12/8,水,北北西,1.8,9.3
2004/12/9,木,北北東,2.1,8.0
2004/12/10,金,北北東,2.3,11.6
2004/12/11,土,北,3.6,8.0
2004/12/12,日,北北東,2.0,7.3
2004/12/13,月,北,3.4,8.3
2004/12/14,火,北北東,2.1,5.5
2004/12/15,水,北北東,2.3,10.8
2004/12/16,木,北北西,3.2,8.0
2004/12/17,金,北北東,2.1,4.9
2004/12/18,土,北北東,2.0,7.8
2004/12/19,日,北北東,1.9,7.0
2004/12/20,月,北,2.7,10.4
2004/12/21,火,北,3.2,4.6
2004/12/22,水,北,4.2,2.7
2004/12/23,木,北北西,2.3,2.8
2004/12/24,金,北北東,1.8,3.6
2004/12/25,土,北北東,1.7,6.2
2004/12/26,日,北,1.8,4.5
2004/12/27,月,北,3.8,2.6
2004/12/28,火,北,2.1,1.7
2004/12/29,水,北北東,3.1,3.3
2004/12/30,木,北,3.0,2.3
2004/12/31,金,北北東,1.6,1.9
2005/1/1,土,北,3.3,2.2
2005/1/2,日,南南西,3.1,5.9
2005/1/3,月,南南西,6.5,10.8
2005/1/4,火,北,4.7,6.4
2005/1/5,水,北,2.6,0.8
2005/1/6,木,北北東,2.0,4.6
2005/1/7,金,北,3.1,5.6
2005/1/8,土,北,3.0,1.5
2005/1/9,日,北,4.3,0.8
2005/1/10,月,北,3.1,1.7
2005/1/11,火,北,3.1,2.3
2005/1/12,水,北,3.9,0.2
2005/1/13,木,北北西,2.7,3.8
2005/1/14,金,北北東,2.4,4.7
2005/1/15,土,北北東,1.3,6.3
2005/1/16,日,北北東,1.4,4.6
2005/1/17,月,北,2.5,4.4
2005/1/18,火,北,2.3,4.9
2005/1/19,水,南南西,3.4,5.8
2005/1/20,木,南西,4.1,4.5
2005/1/21,金,北北西,3.5,2.4
2005/1/22,土,北北西,2.6,1.2
2005/1/23,日,北北東,2.1,1.1
2005/1/24,月,北北東,3.7,3.8
2005/1/25,火,北,2.6,3.5
2005/1/26,水,北北西,2.4,2.0
2005/1/27,木,北,3.3,3.6
2005/1/28,金,北北東,1.8,3.0
2005/1/29,土,南南西,2.8,6.2
2005/1/30,日,北,3.7,0.1
2005/1/31,月,北,2.7,-0.3
2005/2/1,火,北北西,3.2,-0.7
2005/2/2,水,北北西,3.5,1.3
2005/2/3,木,北北西,3.4,1.7
2005/2/4,金,北北西,3.1,2.0
2005/2/5,土,北北西,3.9,1.0
2005/2/6,日,北北西,2.3,2.2
2005/2/7,月,北北東,1.6,3.0
2005/2/8,火,北北東,2.0,1.9
2005/2/9,水,北北東,2.0,3.5
2005/2/10,木,北,3.7,2.3
2005/2/11,金,北,3.4,-0.4
2005/2/12,土,北,3.1,0.5
2005/2/13,日,北北東,1.8,-0.1
2005/2/14,月,北北東,2.7,1.3
2005/2/15,火,北北東,2.2,3.5
2005/2/16,水,北北東,2.5,3.9
2005/2/17,木,北,2.9,5.1
2005/2/18,金,北北東,2.0,3.6
2005/2/19,土,北北東,2.2,6.1
2005/2/20,日,北,2.8,2.8
2005/2/21,月,南西,1.8,0.4
2005/2/22,火,南西,1.7,1.0
2005/2/23,水,南南西,3.5,3.7
2005/2/24,木,北北東,1.9,0.9
2005/2/25,金,北,2.0,2.2
2005/2/26,土,北,3.5,-0.6
2005/2/27,日,北北西,2.3,0.3
2005/2/28,月,北,2.8,2.5
2005/3/1,火,北,2.8,0.5
2005/12/1,木,北北東,1.7,7.1
2005/12/2,金,北,3.6,7.7
2005/12/3,土,北北西,3.3,4.6
2005/12/4,日,北,2.8,7.1
2005/12/5,月,南南西,4.9,6.2
2005/12/6,火,北北東,1.8,5.1
2005/12/7,水,北北東,1.6,3.4
2005/12/8,木,北北東,3.7,5.0
2005/12/9,金,北北東,2.3,5.1
2005/12/10,土,北,2.7,2.9
2005/12/11,日,北,3.7,2.4
2005/12/12,月,北,2.9,2.1
2005/12/13,火,北北西,3.8,0.6
2005/12/14,水,北,3.7,1.8
2005/12/15,木,北北東,2.6,2.4
2005/12/16,金,北北東,3.3,3.7
2005/12/17,土,南南西,5.3,2.6
2005/12/18,日,北北西,4.5,-1.2
2005/12/19,月,北北西,3.3,0.7
2005/12/20,火,北,2.2,3.4
2005/12/21,水,南南西,3.3,3.3
2005/12/22,木,北,5.7,1.4
2005/12/23,金,北西,3.7,2.6
2005/12/24,土,北,3.5,2.1
2005/12/25,日,南西,5.3,4.1
2005/12/26,月,北北西,3.6,0.6
2005/12/27,火,北,4.0,0.4
2005/12/28,水,北北西,3.3,0.3
2005/12/29,木,北,2.3,2.2
2005/12/30,金,北北西,2.0,2.5
2005/12/31,土,北,2.6,0.7
2006/1/1,日,北北東,1.7,2.2
2006/1/2,月,北北東,2.6,4.6
2006/1/3,火,北北西,3.5,0.2
2006/1/4,水,北北西,3.6,0.0
2006/1/5,木,北北西,3.6,-0.1
2006/1/6,金,北,1.9,-0.2
2006/1/7,土,北,2.9,-0.4
2006/1/8,日,北北西,3.6,0.4
2006/1/9,月,北北東,1.5,1.1
2006/1/10,火,南南西,3.3,3.1
2006/1/11,水,北,3.3,3.1
2006/1/12,木,北,3.3,1.1
2006/1/13,金,北北東,1.7,3.2
2006/1/14,土,北北東,2.2,5.8
2006/1/15,日,北北東,1.9,3.9
2006/1/16,月,北北東,2.0,4.2
2006/1/17,火,北,2.3,1.7
2006/1/18,水,北西,2.0,1.9
2006/1/19,木,北北西,3.1,-0.2
2006/1/20,金,北北東,1.8,0.6
2006/1/21,土,北北東,2.8,0.7
2006/1/22,日,北,3.9,-0.6
2006/1/23,月,北北西,3.9,-0.9
2006/1/24,火,北北西,2.5,1.4
2006/1/25,水,北,2.4,3.5
2006/1/26,木,北北西,2.5,3.4
2006/1/27,金,北,3.0,3.6
2006/1/28,土,北北西,2.1,2.0
2006/1/29,日,北北東,1.4,3.3
2006/1/30,月,北北東,2.4,6.2
2006/1/31,火,北北東,1.4,1.9
2006/2/1,水,北北東,1.9,3.2
2006/2/2,木,北,3.0,2.1
2006/2/3,金,北北西,3.7,-0.2
2006/2/4,土,北,3.1,-2.4
2006/2/5,日,北北西,2.5,-1.8
2006/2/6,月,北北東,1.4,0.9
2006/2/7,火,北北東,2.5,3.9
2006/2/8,水,北,3.5,3.3
2006/2/9,木,北北西,3.0,0.9
2006/2/10,金,南西,5.4,4.9
2006/2/11,土,北,2.6,3.0
2006/2/12,日,北北西,2.8,-0.7
2006/2/13,月,南西,4.0,6.2
2006/2/14,火,南南西,2.9,7.7
2006/2/15,水,北北西,1.9,9.2
2006/2/16,木,北北東,0.5,4.8
2006/2/17,金,北,3.2,0.4
2006/2/18,土,南南西,2.3,1.3
2006/2/19,日,北北東,2.5,2.6
2006/2/20,月,北北東,1.3,4.4
2006/2/21,火,北北東,1.6,6.0
2006/2/22,水,南南西,1.8,7.7
2006/2/23,木,北,1.9,4.9
2006/2/24,金,北北東,2.0,4.1
2006/2/25,土,北北東,1.5,6.5
2006/2/26,日,北北東,2.4,8.4
2006/2/27,月,北北西,2.8,1.6
2006/2/28,火,北北東,1.2,2.1
2006/3/1,水,北,1.3,3.3
2006/12/1,金,北,1.4,6.7
2006/12/2,土,北,3.5,7.2
2006/12/3,日,北,4.0,3.8
2006/12/4,月,北北東,1.6,2.2
2006/12/5,火,北北東,2.4,5.9
2006/12/6,水,北北東,2.5,6.1
2006/12/7,木,北北東,2.9,9.5
2006/12/8,金,北北東,1.7,6.7
2006/12/9,土,北北東,1.0,6.3
2006/12/10,日,北北西,2.9,7.1
2006/12/11,月,北北東,1.9,5.1
2006/12/12,火,北北東,1.5,6.7
2006/12/13,水,南南西,1.8,10.1
2006/12/14,木,北北東,1.3,9.1
2006/12/15,金,北北東,1.0,8.4
2006/12/16,土,北北東,1.7,9.4
2006/12/17,日,北北東,2.2,6.7
2006/12/18,月,北北東,2.1,4.3
2006/12/19,火,北北東,1.5,3.9
2006/12/20,水,北北東,1.6,6.0
2006/12/21,木,北北東,1.3,6.4
2006/12/22,金,北北東,1.7,5.7
2006/12/23,土,北北西,2.4,6.9
2006/12/24,日,北北東,2.1,5.4
2006/12/25,月,北北東,1.6,4.6
2006/12/26,火,北北東,1.9,8.3
2006/12/27,水,北,3.0,11.0
2006/12/28,木,北北西,3.3,6.2
2006/12/29,金,北西,3.8,3.2
2006/12/30,土,北北西,2.4,3.7
2006/12/31,日,北北西,1.4,4.4
2007/1/1,月,北北東,2.2,3.5
2007/1/2,火,北北東,2.2,5.3
2007/1/3,水,北北東,1.6,4.2
2007/1/4,木,北北東,2.0,4.4
2007/1/5,金,北北東,1.8,4.4
2007/1/6,土,南南西,1.0,7.5
2007/1/7,日,北北西,4.1,5.5
2007/1/8,月,北北西,2.8,4.3
2007/1/9,火,北北西,2.5,3.5
2007/1/10,水,北,2.6,3.7
2007/1/11,木,北北西,2.8,3.8
2007/1/12,金,北北東,1.5,3.2
2007/1/13,土,北北西,3.2,3.5
2007/1/14,日,北北西,2.0,3.9
2007/1/15,月,北北東,2.0,4.0
2007/1/16,火,北北東,1.8,5.9
2007/1/17,水,北北東,0.8,5.3
2007/1/18,木,北,2.4,5.3
2007/1/19,金,北北西,1.9,3.4
2007/1/20,土,北北東,1.9,2.9
2007/1/21,日,北北東,2.2,4.4
2007/1/22,月,北北東,2.2,5.0
2007/1/23,火,北北西,1.6,5.6
2007/1/24,水,北北東,1.9,4.5
2007/1/25,木,北西,1.7,5.4
2007/1/26,金,南南西,1.6,7.0
2007/1/27,土,北,3.0,6.7
2007/1/28,日,北北東,1.6,4.5
2007/1/29,月,北北東,1.3,4.8
2007/1/30,火,北北東,2.3,4.8
2007/1/31,水,南西,2.1,5.3
2007/2/1,木,北北西,2.3,2.6
2007/2/2,金,北,2.4,1.9
2007/2/3,土,南西,4.8,6.0
2007/2/4,日,北西,2.5,2.6
2007/2/5,月,北北東,2.5,3.3
2007/2/6,火,南西,3.0,8.9
2007/2/7,水,北,2.2,6.5
2007/2/8,木,北北東,1.4,5.8
2007/2/9,金,北北東,0.8,6.3
2007/2/10,土,北,0.8,5.9
2007/2/11,日,北北西,2.4,4.6
2007/2/12,月,北北東,2.0,3.8
2007/2/13,火,北北東,1.7,3.4
2007/2/14,水,北北東,2.7,9.0
2007/2/15,木,南西,3.3,2.8
2007/2/16,金,北北西,2.1,3.2
2007/2/17,土,北北東,1.8,4.4
2007/2/18,日,北北東,1.6,5.6
2007/2/19,月,北北東,2.3,4.0
2007/2/20,火,北北東,2.3,3.5
2007/2/21,水,北北東,2.4,5.3
2007/2/22,木,北北東,2.5,6.4
2007/2/23,金,北,2.5,7.2
2007/2/24,土,北北東,2.2,1.7
2007/2/25,日,北北東,1.8,0.2
2007/2/26,月,北北東,1.8,2.5
2007/2/27,火,北北東,1.5,4.5
2007/2/28,水,北,2.3,5.1
2007/3/1,木,北北東,1.8,3.1
2007/12/1,土,北北東,1.5,8.3
2007/12/2,日,南南西,1.8,9.3
2007/12/3,月,北,2.2,7.6
2007/12/4,火,北,3.5,3.9
2007/12/5,水,北北西,3.4,5.1
2007/12/6,木,南南西,2.0,8.4
2007/12/7,金,北北東,1.6,8.3
2007/12/8,土,北北東,1.3,6.7
2007/12/9,日,北西,2.5,6.9
2007/12/10,月,北北西,1.6,6.6
2007/12/11,火,南南西,1.4,9.4
2007/12/12,水,北北東,1.8,8.4
2007/12/13,木,北北東,2.5,9.0
2007/12/14,金,北西,2.9,7.6
2007/12/15,土,北,2.0,4.8
2007/12/16,日,北北西,2.7,4.7
2007/12/17,月,北北東,2.0,4.6
2007/12/18,火,北北東,2.0,3.7
2007/12/19,水,北,1.8,5.3
2007/12/20,木,南南西,2.3,7.5
2007/12/21,金,北,2.5,6.4
2007/12/22,土,北北東,2.1,5.7
2007/12/23,日,南西,1.5,9.4
2007/12/24,月,北,3.4,6.8
2007/12/25,火,北北東,1.5,5.4
2007/12/26,水,北北東,1.9,4.3
2007/12/27,木,北北東,2.5,5.3
2007/12/28,金,北北東,1.8,8.6
2007/12/29,土,南南西,2.0,11.2
2007/12/30,日,北北西,2.5,4.7
2007/12/31,月,北北西,2.8,2.6
2008/1/1,火,北北西,3.0,3.0
2008/1/2,水,北北西,2.4,4.0
2008/1/3,木,北北西,2.2,4.7
2008/1/4,金,北北東,2.5,4.3
2008/1/5,土,北北東,2.5,5.2
2008/1/6,日,南南西,2.4,9.5
2008/1/7,月,北北東,1.9,5.5
2008/1/8,火,北,2.4,7.5
2008/1/9,水,北北東,2.9,6.1
2008/1/10,木,北北東,1.5,3.5
2008/1/11,金,北北東,1.4,6.6
2008/1/12,土,北,2.1,2.6
2008/1/13,日,北北西,2.7,-0.3
2008/1/14,月,北北西,2.0,1.5
2008/1/15,火,,,
2008/1/16,水,,,
2008/1/17,木,北西,2.8,-0.4
2008/1/18,金,北北西,2.0,1.6
2008/1/19,土,北北東,1.8,0.2
2008/1/20,日,北,1.6,2.9
2008/1/21,月,北北東,2.1,1.1
2008/1/22,火,北北東,1.8,1.3
2008/1/23,水,北北東,1.8,3.3
2008/1/24,木,北西,4.0,0.9
2008/1/25,金,北北西,2.8,0.3
2008/1/26,土,北北西,2.8,0.2
2008/1/27,日,北西,1.7,1.5
2008/1/28,月,北北東,1.8,3.4
2008/1/29,火,北北東,1.7,3.4
2008/1/30,水,北北東,1.8,3.9
2008/1/31,木,北,3.1,1.8
2008/2/1,金,北北西,2.3,1.4
2008/2/2,土,北北東,1.7,1.5
2008/2/3,日,北北東,1.8,2.3
2008/2/4,月,北,1.6,2.0
2008/2/5,火,北北東,1.9,1.1
2008/2/6,水,北北東,1.5,2.4
2008/2/7,木,北,2.0,1.4
2008/2/8,金,北北東,2.0,0.5
2008/2/9,土,北北東,1.8,2.0
2008/2/10,日,北北東,2.0,4.0
2008/2/11,月,北北東,2.3,3.7
2008/2/12,火,南南西,2.6,4.0
2008/2/13,水,北北西,3.3,-1.4
2008/2/14,木,北北西,2.9,1.6
2008/2/15,金,北,3.5,0.7
2008/2/16,土,北,3.5,0.0
2008/2/17,日,北,3.0,-0.1
2008/2/18,月,北北西,2.0,1.5
2008/2/19,火,北北東,1.4,2.1
2008/2/20,水,南南西,3.2,4.3
2008/2/21,木,北西,2.3,3.0
2008/2/22,金,北北東,2.3,4.2
2008/2/23,土,北西,4.1,2.4
2008/2/24,日,北,4.8,-0.4
2008/2/25,月,北北東,2.0,0.3
2008/2/26,火,北北東,2.2,2.3
2008/2/27,水,北北西,3.5,1.6
2008/2/28,木,南南西,2.1,3.5
2008/2/29,金,南南西,4.3,7.9
2008/12/1,月,北北東,1.8,6.1
2008/12/2,火,北北東,2.4,8.5
2008/12/3,水,北北東,2.1,9.4
2008/12/4,木,北北東,1.9,9.6
2008/12/5,金,南南西,2.1,10.9
2008/12/6,土,南西,3.0,4.0
2008/12/7,日,北北東,2.0,4.5
2008/12/8,月,南南西,2.8,8.5
2008/12/9,火,北北東,1.9,11.4
2008/12/10,水,北北東,1.9,10.3
2008/12/11,木,南南西,3.0,11.9
2008/12/12,金,北,2.3,8.8
2008/12/13,土,北北東,2.4,7.4
2008/12/14,日,北北東,2.2,4.6
2008/12/15,月,北北東,2.1,3.5
2008/12/16,火,北北東,2.3,5.9
2008/12/17,水,北北東,2.3,7.7
2008/12/18,木,北北東,2.5,8.4
2008/12/19,金,北北東,1.7,5.6
2008/12/20,土,南南西,2.8,9.5
2008/12/21,日,北北東,1.6,10.6
2008/12/22,月,北,2.6,3.7
2008/12/23,火,北北東,2.6,3.8
2008/12/24,水,北北東,2.3,6.1
2008/12/25,木,南南西,4.3,7.2
2008/12/26,金,北北西,4.3,-0.3
2008/12/27,土,北北西,3.1,2.4
2008/12/28,日,北北西,3.3,4.9
2008/12/29,月,北北東,2.0,7.1
2008/12/30,火,北北西,2.9,7.0
2008/12/31,水,北西,2.8,2.7
2009/1/1,木,北北西,2.4,2.9
2009/1/2,金,北北西,2.8,3.5
2009/1/3,土,西,2.2,4.3
2009/1/4,日,北北西,1.6,6.0
2009/1/5,月,北北東,1.5,4.6
2009/1/6,火,北北東,1.9,4.2
2009/1/7,水,北北東,1.9,3.7
2009/1/8,木,北北東,1.9,2.4
2009/1/9,金,北北東,1.5,6.4
2009/1/10,土,北,3.5,2.4
2009/1/11,日,北,2.1,0.6
2009/1/12,月,南南西,3.2,2.9
2009/1/13,火,北,3.3,3.2
2009/1/14,水,南南西,3.9,3.1
2009/1/15,木,北西,2.7,-0.2
2009/1/16,金,南南西,2.2,2.6
2009/1/17,土,北北東,2.2,2.9
2009/1/18,日,北北東,1.9,5.9
2009/1/19,月,北西,2.8,6.7
2009/1/20,火,北北西,2.3,3.2
2009/1/21,水,北北東,1.8,4.1
2009/1/22,木,北北東,1.9,7.5
2009/1/23,金,南南西,2.2,7.7
2009/1/24,土,南南西,3.5,0.5
2009/1/25,日,南南西,3.8,1.6
2009/1/26,月,南南西,2.5,2.9
2009/1/27,火,北北東,2.0,2.7
2009/1/28,水,北北東,1.7,2.8
2009/1/29,木,北北東,2.5,5.1
2009/1/30,金,北北東,3.0,8.2
2009/1/31,土,北北東,3.1,6.7
2009/2/1,日,北,2.8,3.0
2009/2/2,月,南南西,1.6,4.2
2009/2/3,火,北,2.9,4.6
2009/2/4,水,北北東,2.0,1.7
2009/2/5,木,北北東,2.3,3.6
2009/2/6,金,北,2.9,3.5
2009/2/7,土,南南西,3.1,4.8
2009/2/8,日,北北西,2.7,3.8
2009/2/9,月,北北東,1.6,4.3
2009/2/10,火,北北東,2.3,4.5
2009/2/11,水,南南西,2.5,4.1
2009/2/12,木,北,1.8,6.0
2009/2/13,金,北北東,1.7,10.5
2009/2/14,土,北西,2.6,9.9
2009/2/15,日,北,2.3,5.3
2009/2/16,月,北,4.0,0.3
2009/2/17,火,北北東,2.5,-0.4
2009/2/18,水,北,2.6,0.6
2009/2/19,木,北北西,1.9,0.2
2009/2/20,金,北北東,2.6,3.6
2009/2/21,土,北北西,2.7,0.4
2009/2/22,日,南南西,2.9,5.3
2009/2/23,月,北北東,1.8,3.5
2009/2/24,火,北北東,1.5,4.1
2009/2/25,水,北,2.0,6.7
2009/2/26,木,北北東,2.1,3.0
2009/2/27,金,北北東,1.6,2.7
2009/2/28,土,北北東,2.1,3.2
2009/3/1,日,北北東,1.4,4.5
2009/12/1,火,北北東,2.2,8.0
2009/12/2,水,北北東,1.6,9.7
2009/12/3,木,北,1.1,9.9
2009/12/4,金,北北東,2.6,8.2
2009/12/5,土,北北東,1.7,9.6
2009/12/6,日,南南西,3.0,9.3
2009/12/7,月,北西,2.2,7.2
2009/12/8,火,北北東,1.8,6.4
2009/12/9,水,北北東,1.8,7.8
2009/12/10,木,北北東,1.4,8.1
2009/12/11,金,北,1.7,9.9
2009/12/12,土,北,2.0,11.2
2009/12/13,日,北,2.0,7.0
2009/12/14,月,北北東,2.8,2.8
2009/12/15,火,北,2.4,3.8
2009/12/16,水,北北東,1.7,2.0
2009/12/17,木,北北東,1.5,1.2
2009/12/18,金,北,3.2,0.5
2009/12/19,土,北北西,4.0,2.2
2009/12/20,日,北,3.1,2.4
2009/12/21,月,北北西,3.2,1.2
2009/12/22,火,南南西,2.7,5.2
2009/12/23,水,北,2.9,6.8
2009/12/24,木,北,1.7,6.0
2009/12/25,金,北北東,1.7,4.6
2009/12/26,土,北北西,2.5,7.6
2009/12/27,日,北北東,1.8,5.1
2009/12/28,月,北北西,3.2,5.0
2009/12/29,火,北,2.2,4.3
2009/12/30,水,南南西,3.6,8.5
2009/12/31,木,北北西,3.9,1.7
2010/1/1,金,北北西,3.7,0.5
2010/1/2,土,北北西,3.1,2.9
2010/1/3,日,北西,3.1,2.4
2010/1/4,月,北北東,1.9,3.8
2010/1/5,火,北北西,3.6,5.8
2010/1/6,水,北西,2.4,4.1
2010/1/7,木,北,3.4,5.6
2010/1/8,金,北,2.1,3.9
2010/1/9,土,北北西,2.3,4.5
2010/1/10,日,北,2.8,3.4
2010/1/11,月,北北東,1.8,3.8
2010/1/12,火,南南西,1.8,5.8
2010/1/13,水,北,4.6,0.9
2010/1/14,木,北,3.8,-0.5
2010/1/15,金,北,3.8,-0.2
2010/1/16,土,北,2.9,0.6
2010/1/17,日,北,2.4,1.7
2010/1/18,月,南南西,2.0,4.1
2010/1/19,火,北北東,2.0,5.9
2010/1/20,水,南南西,3.2,9.6
2010/1/21,木,北,3.1,4.4
2010/1/22,金,北北東,1.9,0.6
2010/1/23,土,北,2.9,2.7
2010/1/24,日,北,2.2,5.3
2010/1/25,月,南南西,4.6,6.8
2010/1/26,火,北,2.6,2.2
2010/1/27,水,南南西,2.9,4.8
2010/1/28,木,北,2.5,6.6
2010/1/29,金,南南西,3.0,3.7
2010/1/30,土,南南西,2.4,5.2
2010/1/31,日,北北東,2.2,7.1
2010/2/1,月,北北東,2.8,3.1
2010/2/2,火,北北東,1.7,0.5
2010/2/3,水,北北東,2.3,-2.7
2010/2/4,木,北北東,1.4,-1.1
2010/2/5,金,北,2.6,-1.0
2010/2/6,土,北北西,4.4,-1.1
2010/2/7,日,北北西,2.5,2.8
2010/2/8,月,北北東,2.0,2.1
2010/2/9,火,北北東,1.6,5.0
2010/2/10,水,北北東,0.6,1.5
2010/2/11,木,北北東,0.8,0.6
2010/2/12,金,北,1.3,0.6
2010/2/13,土,北北東,1.1,-0.4
2010/2/14,日,北北東,1.4,1.7
2010/2/15,月,北北東,1.4,3.9
2010/2/16,火,北北東,2.3,0.6
2010/2/17,水,北北東,1.8,-0.4
2010/2/18,木,北北東,1.8,2.1
2010/2/19,金,北北東,1.3,1.7
2010/2/20,土,北北西,2.5,2.4
2010/2/21,日,北北東,1.5,1.9
2010/2/22,月,南南西,2.2,5.7
2010/2/23,火,北北東,1.9,6.2
2010/2/24,水,北北東,2.4,7.9
2010/2/25,木,,,
2010/2/26,金,,,
2010/2/27,土,,,
2010/2/28,日,,,
2010/3/1,月,,,
2010/12/1,水,北北東,2.0,9.7
2010/12/2,木,北北東,2.5,11.6
2010/12/3,金,南西,3.7,11.8
2010/12/4,土,西北西,3.2,9.2
2010/12/5,日,南南西,3.2,13.4
2010/12/6,月,北北東,2.5,12.4
2010/12/7,火,北北東,3.0,7.2
2010/12/8,水,北北東,2.8,4.8
2010/12/9,木,南南西,5.5,6.5
2010/12/10,金,北北東,2.4,5.6
2010/12/11,土,南南西,4.2,9.9
2010/12/12,日,北北東,2.9,5.6
2010/12/13,月,北北東,1.8,6.6
2010/12/14,火,北北東,1.7,9.1
2010/12/15,水,北,4.2,2.1
2010/12/16,木,北北東,2.2,2.9
2010/12/17,金,北北東,2.9,3.7
2010/12/18,土,北北西,3.5,5.2
2010/12/19,日,北北東,2.4,3.7
2010/12/20,月,北北東,2.4,9.0
2010/12/21,火,北北東,2.4,7.8
2010/12/22,水,北北東,2.5,9.9
2010/12/23,木,北西,3.4,9.2
2010/12/24,金,北西,4.2,2.6
2010/12/25,土,西南西,3.8,1.3
2010/12/26,日,南西,4.5,3.0
2010/12/27,月,西北西,2.5,3.9
2010/12/28,火,南南西,3.5,6.9
2010/12/29,水,北,4.4,4.7
2010/12/30,木,北北東,2.3,2.8
2010/12/31,金,西,3.8,4.9
2011/1/1,土,北北東,1.9,4.3
2011/1/2,日,北北東,2.6,3.6
2011/1/3,月,北北東,2.2,3.8
2011/1/4,火,北,1.9,3.7
2011/1/5,水,南南西,3.4,5.0
2011/1/6,木,北北西,4.1,0.9
2011/1/7,金,北北西,3.4,0.2
2011/1/8,土,北,3.4,4.1
2011/1/9,日,北,3.6,2.5
2011/1/10,月,北北西,3.5,-0.3
2011/1/11,火,北北東,2.9,1.0
2011/1/12,水,北北西,4.0,2.0
2011/1/13,木,北,3.4,-0.2
2011/1/14,金,北北東,1.7,-0.2
2011/1/15,土,北北東,2.7,0.3
2011/1/16,日,北西,4.0,-1.1
2011/1/17,月,北西,3.6,2.6
2011/1/18,火,北北西,3.1,2.3
2011/1/19,水,北,3.1,1.8
2011/1/20,木,北北西,3.8,0.3
2011/1/21,金,北北東,2.4,1.3
2011/1/22,土,北,3.6,1.7
2011/1/23,日,北,3.1,1.6
2011/1/24,月,北北東,1.4,0.0
2011/1/25,火,北西,2.1,2.4
2011/1/26,水,北西,2.4,3.1
2011/1/27,木,北北西,2.8,0.7
2011/1/28,金,北西,3.6,-0.4
2011/1/29,土,北北東,2.7,-0.6
2011/1/30,日,北北西,4.4,-1.8
2011/1/31,月,北西,3.3,0.4
2011/2/1,火,北北西,3.0,3.1
2011/2/2,水,北北東,2.0,1.8
2011/2/3,木,北北東,2.9,3.4
2011/2/4,金,北北東,2.8,3.6
2011/2/5,土,北北東,2.4,4.4
2011/2/6,日,北北東,1.9,4.8
2011/2/7,月,北北西,3.1,4.1
2011/2/8,火,北北東,1.6,2.4
2011/2/9,水,北北西,3.1,4.4
2011/2/10,木,北西,2.9,0.8
2011/2/11,金,北北西,1.7,1.7
2011/2/12,土,北北東,2.4,2.1
2011/2/13,日,北北西,2.7,1.8
2011/2/14,月,南南西,2.2,3.9
2011/2/15,火,北北東,2.2,1.6
2011/2/16,水,北北東,2.8,1.6
2011/2/17,木,北北東,1.8,5.5
2011/2/18,金,北,3.3,4.1
2011/2/19,土,北西,1.9,2.1
2011/2/20,日,北北東,2.4,3.2
2011/2/21,月,北北東,2.0,2.3
2011/2/22,火,北北東,2.2,3.5
2011/2/23,水,北北東,2.7,6.0
2011/2/24,木,北北東,2.5,9.7
2011/2/25,金,北,4.1,6.4
2011/2/26,土,北北西,2.0,1.7
2011/2/27,日,北北東,1.5,2.8
2011/2/28,月,北北東,2.3,3.9
2011/3/1,火,北北東,1.7,4.5
2011/12/1,木,北北東,2.7,3.7
2011/12/2,金,北北東,1.8,5.7
2011/12/3,土,北北東,3.3,12.6
2011/12/4,日,北北西,4.2,8.7
2011/12/5,月,北,3.8,6.8
2011/12/6,火,北北東,1.7,6.0
2011/12/7,水,北北東,2.2,6.0
2011/12/8,木,北北東,1.9,4.2
2011/12/9,金,北北東,2.1,2.8
2011/12/10,土,北北東,2.3,5.4
2011/12/11,日,北,3.5,7.2
2011/12/12,月,北,3.2,7.2
2011/12/13,火,北北東,3.3,5.0
2011/12/14,水,南南西,2.8,6.9
2011/12/15,木,北,3.8,7.0
2011/12/16,金,北,3.1,1.0
2011/12/17,土,北西,2.9,2.3
2011/12/18,日,北北東,4.1,3.8
2011/12/19,月,北北東,2.9,2.2
2011/12/20,火,北北西,3.6,3.2
2011/12/21,水,北北東,1.8,2.8
2011/12/22,木,南南西,3.7,5.2
2011/12/23,金,北北西,3.7,1.0
2011/12/24,土,北,3.9,1.9
2011/12/25,日,北西,4.4,0.9
2011/12/26,月,北西,3.5,1.1
2011/12/27,火,北西,3.3,1.7
2011/12/28,水,北北東,2.5,2.4
2011/12/29,木,北,3.6,3.7
2011/12/30,金,北北西,3.3,2.7
2011/12/31,土,北北東,2.2,3.3
2012/1/1,日,北北東,2.5,3.9
2012/1/2,月,北,3.4,3.4
2012/1/3,火,北,2.0,2.3
2012/1/4,水,北北東,3.2,1.4
2012/1/5,木,北北西,3.6,1.8
2012/1/6,金,北北東,3.6,2.1
2012/1/7,土,北北西,3.2,1.8
2012/1/8,日,北北東,2.6,1.8
2012/1/9,月,北北東,2.0,1.7
2012/1/10,火,北北東,2.1,2.1
2012/1/11,水,北,3.4,0.0
2012/1/12,木,北北西,3.1,0.6
2012/1/13,金,北,4.2,3.0
2012/1/14,土,北,4.3,0.7
2012/1/15,日,北,3.2,0.7
2012/1/16,月,北北東,2.0,0.0
2012/1/17,火,北北東,2.2,0.7
2012/1/18,水,北北東,2.7,2.4
2012/1/19,木,北北東,2.4,3.8
2012/1/20,金,北北東,2.2,5.5
2012/1/21,土,北北東,1.6,5.8
2012/1/22,日,北北東,1.9,5.6
2012/1/23,月,北,3.7,1.5
2012/1/24,火,北,3.2,0.0
2012/1/25,水,北,2.4,-0.8
2012/1/26,木,北,3.3,-1.2
2012/1/27,金,北北東,3.0,-0.3
2012/1/28,土,北,4.6,-0.8
2012/1/29,日,北西,3.6,-0.5
2012/1/30,月,北北西,3.6,-0.5
2012/1/31,火,北北西,3.3,-0.7
2012/2/1,水,北西,4.3,1.3
2012/2/2,木,西南西,3.8,-1.3
2012/2/3,金,北,2.6,-0.2
2012/2/4,土,北,3.3,1.7
2012/2/5,日,北北東,1.9,1.4
2012/2/6,月,北北東,1.8,3.4
2012/2/7,火,北北東,2.6,3.8
2012/2/8,水,北,4.0,-1.5
2012/2/9,木,北,3.4,-1.0
2012/2/10,金,北,1.2,-0.9
2012/2/11,土,北北西,3.1,-0.4
2012/2/12,日,北西,3.1,0.5
2012/2/13,月,北北東,1.8,1.0
2012/2/14,火,北北東,1.8,2.3
2012/2/15,水,北,3.9,2.3
2012/2/16,木,北北東,2.5,0.5
2012/2/17,金,北北東,2.9,-1.4
2012/2/18,土,北,3.5,-2.5
2012/2/19,日,北北東,2.1,-0.1
2012/2/20,月,北北東,1.8,1.0
2012/2/21,火,南南西,2.5,3.2
2012/2/22,水,北北東,1.9,2.4
2012/2/23,木,北北東,2.6,5.9
2012/2/24,金,北北東,2.5,4.6
2012/2/25,土,北北東,1.0,2.0
2012/2/26,日,北,3.1,0.6
2012/2/27,月,北北西,3.0,-0.7
2012/2/28,火,北北東,1.5,0.8
2012/2/29,水,北北東,1.4,2.8
2012/12/1,土,北,3.5,2.9
2012/12/2,日,北北東,1.9,3.6
2012/12/3,月,北北東,2.2,6.9
2012/12/4,火,南西,3.3,7.8
2012/12/5,水,北北西,2.3,5.0
2012/12/6,木,南西,4.5,5.1
2012/12/7,金,北北東,2.6,3.1
2012/12/8,土,南西,5.0,4.7
2012/12/9,日,北北西,3.2,0.2
2012/12/10,月,北北西,4.4,3.1
2012/12/11,火,北,3.4,4.5
2012/12/12,水,北北西,3.0,3.9
2012/12/13,木,北北西,2.5,4.2
2012/12/14,金,北北東,3.2,7.1
2012/12/15,土,北北東,2.9,9.8
2012/12/16,日,北北西,3.5,7.9
2012/12/17,月,北北東,2.3,5.7
2012/12/18,火,北,4.1,4.4
2012/12/19,水,北北西,3.4,1.2
2012/12/20,木,北北西,3.4,3.3
2012/12/21,金,北北東,2.1,3.6
2012/12/22,土,北,2.5,5.5
2012/12/23,日,北,2.5,2.6
2012/12/24,月,北北西,3.8,0.8
2012/12/25,火,西北西,4.4,2.3
2012/12/26,水,北北西,4.5,-2.1
2012/12/27,木,南西,2.9,1.5
2012/12/28,金,北北東,1.9,3.1
2012/12/29,土,北北東,1.7,3.8
2012/12/30,日,北北東,2.1,7.0
2012/12/31,月,北北西,3.6,2.2
2013/1/1,火,北北東,1.5,0.8
2013/1/2,水,南西,4.6,3.6
2013/1/3,木,北北西,4.9,-1.1
2013/1/4,金,北北西,3.4,-1.4
2013/1/5,土,北北東,1.9,1.3
2013/1/6,日,北,4.1,2.7
2013/1/7,月,北北東,1.7,1.6
2013/1/8,火,北北東,1.3,1.6
2013/1/9,水,北北東,2.7,1.5
2013/1/10,木,北,4.4,-0.8
2013/1/11,金,北北東,2.8,0.0
2013/1/12,土,南南西,3.7,4.9
2013/1/13,日,北,2.3,5.0
2013/1/14,月,北北東,1.3,2.1
2013/1/15,火,北,3.9,1.4
2013/1/16,水,北北東,1.6,2.5
2013/1/17,木,北,3.5,0.5
2013/1/18,金,北北西,3.7,-0.4
2013/1/19,土,北北西,3.1,3.4
2013/1/20,日,北西,2.5,3.7
2013/1/21,月,北北東,1.6,2.7
2013/1/22,火,北北東,1.8,3.3
2013/1/23,水,北北東,1.6,2.4
2013/1/24,木,南南西,3.4,4.7
2013/1/25,金,西北西,4.3,1.4
2013/1/26,土,北西,4.2,-0.9
2013/1/27,日,北北東,2.7,1.3
2013/1/28,月,北北西,2.8,1.7
2013/1/29,火,北,2.9,3.3
2013/1/30,水,北,3.3,3.0
2013/1/31,木,北北東,2.6,1.2
2013/2/1,金,北北東,2.1,4.8
2013/2/2,土,北北西,3.5,7.8
2013/2/3,日,北北西,2.9,1.8
2013/2/4,月,北北西,2.4,4.3
2013/2/5,火,北北西,2.3,2.3
2013/2/6,水,北北東,1.3,1.4
2013/2/7,木,西南西,3.5,3.1
2013/2/8,金,北西,3.7,-0.7
2013/2/9,土,北西,2.5,-0.6
2013/2/10,日,北北東,2.1,0.7
2013/2/11,月,北,3.8,-0.7
2013/2/12,火,北北東,1.5,0.8
2013/2/13,水,北北東,2.4,2.4
2013/2/14,木,北北東,2.1,2.9
2013/2/15,金,北北東,2.9,2.7
2013/2/16,土,北北西,3.6,-2.0
2013/2/17,日,北北東,1.9,0.1
2013/2/18,月,南南西,2.9,3.7
2013/2/19,火,北北西,2.7,0.7
2013/2/20,水,北,3.9,-1.0
2013/2/21,木,北北西,3.7,-0.6
2013/2/22,金,北北西,2.9,1.7
2013/2/23,土,北西,3.2,1.2
2013/2/24,日,北北西,4.3,-1.4
2013/2/25,月,北北西,2.9,-1.2
2013/2/26,火,北北東,1.8,0.9
2013/2/27,水,北北東,2.1,5.0
2013/2/28,木,北北東,2.7,4.7
2013/3/1,金,北北東,2.4,6.4
2013/12/1,日,北,2.4,7.7
2013/12/2,月,北北東,2.2,8.6
2013/12/3,火,北北東,2.4,7.2
2013/12/4,水,北北東,2.0,7.6
2013/12/5,木,北北東,2.5,10.2
2013/12/6,金,北,2.7,7.8
2013/12/7,土,北,3.5,5.9
2013/12/8,日,北北西,2.5,6.2
2013/12/9,月,北北東,2.3,6.6
2013/12/10,火,北北西,3.6,9.4
2013/12/11,水,西,3.5,7.3
2013/12/12,木,北,3.5,3.5
2013/12/13,金,南南西,5.8,5.3
2013/12/14,土,北西,3.3,2.5
2013/12/15,日,北北西,4.4,1.7
2013/12/16,月,北北西,3.2,4.7
2013/12/17,火,北北東,2.5,4.6
2013/12/18,水,北北東,1.8,4.9
2013/12/19,木,北北東,1.4,7.7
2013/12/20,金,南西,2.5,6.2
2013/12/21,土,北北東,2.7,5.3
2013/12/22,日,北北西,3.0,4.9
2013/12/23,月,北北西,2.2,5.2
2013/12/24,火,北北西,3.2,3.5
2013/12/25,水,北北東,1.6,4.5
2013/12/26,木,北北東,2.4,6.3
2013/12/27,金,北,3.5,3.8
2013/12/28,土,北北西,3.5,1.3
2013/12/29,日,北北西,2.9,2.6
2013/12/30,月,南西,3.0,5.2
2013/12/31,火,南南西,3.4,5.9
2014/1/1,水,北西,4.5,6.9
2014/1/2,木,北北西,3.4,3.3
2014/1/3,金,北北東,2.7,4.6
2014/1/4,土,北,3.5,3.6
2014/1/5,日,北北東,2.3,1.8
2014/1/6,月,北西,2.4,3.0
2014/1/7,火,北北東,2.1,2.8
2014/1/8,水,北北東,1.8,6.4
2014/1/9,木,北,4.0,1.0
2014/1/10,金,北,3.7,-0.4
2014/1/11,土,北,3.1,1.6
2014/1/12,日,北北西,3.0,3.0
2014/1/13,月,北北西,3.8,-0.6
2014/1/14,火,北北西,2.7,-0.9
2014/1/15,水,北北東,2.5,0.0
2014/1/16,木,北北東,2.8,1.5
2014/1/17,金,北北西,3.0,1.4
2014/1/18,土,北北東,2.3,1.8
2014/1/19,日,北北西,3.5,0.1
2014/1/20,月,南南西,2.6,3.8
2014/1/21,火,北北東,2.3,3.0
2014/1/22,水,北北西,2.6,1.6
2014/1/23,木,北北西,2.6,1.8
2014/1/24,金,南南西,3.8,5.1
2014/1/25,土,南南西,3.5,11.2
2014/1/26,日,北北西,4.0,3.2
2014/1/27,月,北北東,2.0,0.3
2014/1/28,火,北,5.0,3.8
2014/1/29,水,北北東,1.9,1.9
2014/1/30,木,北北東,3.2,6.3
2014/1/31,金,北北西,3.3,3.2
2014/2/1,土,北北東,1.8,3.0
2014/2/2,日,北北東,2.5,9.7
2014/2/3,月,北北東,1.4,7.5
2014/2/4,火,北,3.6,-0.9
2014/2/5,水,北北西,4.4,-3.4
2014/2/6,木,北北西,3.1,-1.6
2014/2/7,金,北北東,2.5,-1.0
2014/2/8,土,北北東,2.1,-0.1
2014/2/9,日,北,1.8,2.1
2014/2/10,月,北,2.8,1.4
2014/2/11,火,北北東,1.9,0.1
2014/2/12,水,北北東,1.6,1.2
2014/2/13,木,北北東,2.7,1.4
2014/2/14,金,北北東,2.3,1.0
2014/2/15,土,北北東,3.9,2.1
2014/2/16,日,北,4.4,4.5
2014/2/17,月,北西,3.1,3.0
2014/2/18,火,北北西,3.0,0.3
2014/2/19,水,北,2.2,0.4
2014/2/20,木,北北西,2.0,1.4
2014/2/21,金,北西,2.6,1.2
2014/2/22,土,北北西,2.0,2.1
2014/2/23,日,北北西,1.7,2.4
2014/2/24,月,北北東,2.1,1.7
2014/2/25,火,北北東,2.6,4.2
2014/2/26,水,北北東,2.3,4.7
2014/2/27,木,北北東,2.1,7.2
2014/2/28,金,北北西,2.3,7.0
2014/3/1,土,北北東,1.7,4.7
2014/12/1,月,北北東,2.8,12.7
2014/12/2,火,南西,4.7,4.5
2014/12/3,水,南西,5.5,5.4
2014/12/4,木,北北西,2.2,6.2
2014/12/5,金,北北東,3.1,2.3
2014/12/6,土,北,2.7,1.6
2014/12/7,日,北北東,2.9,1.4
2014/12/8,月,北北東,2.3,2.9
2014/12/9,火,北北東,2.9,4.2
2014/12/10,水,北北東,1.5,5.0
2014/12/11,木,北,3.3,8.5
2014/12/12,金,北,3.2,3.6
2014/12/13,土,北北東,2.1,0.4
2014/12/14,日,北,5.2,0.8
2014/12/15,月,北北東,3.6,0.6
2014/12/16,火,南,3.6,4.9
2014/12/17,水,北西,5.2,0.8
2014/12/18,木,北,4.6,1.9
2014/12/19,金,北北東,2.2,3.2
2014/12/20,土,北北東,2.2,5.1
2014/12/21,日,北,2.9,2.5
2014/12/22,月,北,3.5,2.1
2014/12/23,火,北北西,2.8,3.1
2014/12/24,水,南南西,4.8,6.8
2014/12/25,木,北西,3.8,3.2
2014/12/26,金,北北西,3.9,1.4
2014/12/27,土,北北東,2.8,2.1
2014/12/28,日,北北東,3.1,2.9
2014/12/29,月,北北東,2.8,6.1
2014/12/30,火,北北西,2.3,5.4
2014/12/31,水,北西,2.9,4.5
2015/1/1,木,北北西,4.2,0.3
2015/1/2,金,北北西,3.1,1.0
2015/1/3,土,北西,3.0,1.8
2015/1/4,日,南南西,3.2,6.6
2015/1/5,月,北北東,1.9,5.6
2015/1/6,火,北北東,3.4,4.7
2015/1/7,水,北西,3.7,0.7
2015/1/8,木,北西,3.0,2.4
2015/1/9,金,北西,2.9,2.9
2015/1/10,土,北北西,3.6,3.3
2015/1/11,日,北,2.4,2.1
2015/1/12,月,北,3.2,2.1
2015/1/13,火,北西,1.8,4.5
2015/1/14,水,北北東,2.1,3.4
2015/1/15,木,北北東,2.0,4.3
2015/1/16,金,北北西,2.0,5.0
2015/1/17,土,北北西,4.9,2.5
2015/1/18,日,北西,2.9,1.3
2015/1/19,月,北北西,3.3,4.7
2015/1/20,火,北北西,2.7,1.8
2015/1/21,水,北北東,1.8,1.7
2015/1/22,木,北北東,1.3,4.7
2015/1/23,金,北,3.5,4.2
2015/1/24,土,北北西,2.0,4.7
2015/1/25,日,北北東,2.1,4.5
2015/1/26,月,北北東,1.5,6.7
2015/1/27,火,北,3.2,5.0
2015/1/28,水,北北西,2.8,0.0
2015/1/29,木,北北東,2.1,1.1
2015/1/30,金,北北東,1.4,2.1
2015/1/31,土,北北西,4.1,2.4
2015/2/1,日,北西,3.0,0.5
2015/2/2,月,北北西,2.5,1.7
2015/2/3,火,北,1.5,2.6
2015/2/4,水,北北東,1.6,2.1
2015/2/5,木,北北東,2.2,2.8
2015/2/6,金,北北東,2.5,2.8
2015/2/7,土,北北東,2.1,3.2
2015/2/8,日,北北東,4.0,3.1
2015/2/9,月,北西,3.7,-1.8
2015/2/10,火,北西,3.2,1.0
2015/2/11,水,南南西,3.8,4.4
2015/2/12,木,南南西,2.4,4.2
2015/2/13,金,北北西,4.3,1.4
2015/2/14,土,北北西,3.6,2.8
2015/2/15,日,北北西,3.9,3.4
2015/2/16,月,西北西,1.9,3.4
2015/2/17,火,北北東,1.4,4.0
2015/2/18,水,北北東,1.5,4.8
2015/2/19,木,北北東,2.2,5.6
2015/2/20,金,北北東,2.7,4.1
2015/2/21,土,北北東,2.4,4.0
2015/2/22,日,北北東,1.5,9.7
2015/2/23,月,北西,2.0,9.3
2015/2/24,火,北西,2.0,6.4
2015/2/25,水,北北東,1.8,3.5
2015/2/26,木,北北東,1.5,6.1
2015/2/27,金,北西,4.0,4.4
2015/2/28,土,北北東,2.2,2.9
2015/3/1,日,北北東,1.6,4.4
2015/12/1,火,北北西,2.5,7.2
2015/12/2,水,北北東,2.1,8.5
2015/12/3,木,北北東,2.5,9.3
2015/12/4,金,南西,3.8,6.5
2015/12/5,土,北西,3.5,8.6
2015/12/6,日,北北東,2.7,5.8
2015/12/7,月,北北東,2.3,5.3
2015/12/8,火,北北東,2.5,5.1
2015/12/9,水,北北東,2.7,5.7
2015/12/10,木,北北東,2.3,8.3
2015/12/11,金,北,4.4,11.7
2015/12/12,土,北北東,2.5,8.1
2015/12/13,日,北北東,1.7,7.7
2015/12/14,月,北北東,1.9,8.3
2015/12/15,火,北北東,2.1,10.3
2015/12/16,水,北西,2.2,9.8
2015/12/17,木,北北西,3.6,4.4
2015/12/18,金,北西,2.2,5.4
2015/12/19,土,北,2.8,5.8
2015/12/20,日,北北東,1.7,6.4
2015/12/21,月,北,3.2,8.5
2015/12/22,火,北北東,2.8,7.2
2015/12/23,水,北北東,1.4,6.6
2015/12/24,木,北北東,1.7,8.1
2015/12/25,金,北,4.4,6.9
2015/12/26,土,北北東,3.4,5.0
2015/12/27,日,北北西,4.0,1.9
2015/12/28,月,北北西,2.6,2.9
2015/12/29,火,北北西,4.0,3.8
2015/12/30,水,北,3.1,4.2
2015/12/31,木,北北東,1.8,4.2
2016/1/1,金,北北東,2.6,4.5
2016/1/2,土,南南西,4.4,9.9
2016/1/3,日,北北東,1.8,10.2
2016/1/4,月,北北東,3.6,7.5
2016/1/5,火,北,3.3,5.0
2016/1/6,水,北北東,2.2,5.3
2016/1/7,木,北,4.2,4.6
2016/1/8,金,北北東,2.0,3.1
2016/1/9,土,北,2.9,3.8
2016/1/10,日,北北西,3.3,5.0
2016/1/11,月,北,3.4,1.4
2016/1/12,火,北,3.3,1.5
2016/1/13,水,北北東,2.0,2.5
2016/1/14,木,北,2.4,1.8
2016/1/15,金,北北東,1.4,1.2
2016/1/16,土,北北東,2.6,2.4
2016/1/17,日,北北東,1.9,2.5
2016/1/18,月,北北東,2.6,4.6
2016/1/19,火,南西,5.3,2.5
2016/1/20,水,北,5.5,2.8
2016/1/21,木,北,2.9,2.0
2016/1/22,金,北北西,2.7,1.8
2016/1/23,土,北,2.7,0.8
2016/1/24,日,北,3.2,-0.9
2016/1/25,月,北北西,3.0,0.8
2016/1/26,火,南南西,3.2,4.2
2016/1/27,水,北西,3.1,5.3
2016/1/28,木,北北東,1.8,4.8
2016/1/29,金,北北東,1.5,1.9
2016/1/30,土,北北東,1.1,2.2
2016/1/31,日,北,2.5,2.3
2016/2/1,月,北,2.6,1.5
2016/2/2,火,北北西,2.2,1.8
2016/2/3,水,北,2.1,2.6
2016/2/4,木,北北東,2.7,4.3
2016/2/5,金,北,2.9,4.0
2016/2/6,土,北北東,2.0,1.0
2016/2/7,日,北北東,2.8,0.1
2016/2/8,月,北北東,2.4,1.8
2016/2/9,火,南南西,4.3,3.2
2016/2/10,水,北北西,3.6,2.6
2016/2/11,木,北北東,1.9,2.9
2016/2/12,金,北北東,2.1,6.1
2016/2/13,土,北北東,2.5,9.4
2016/2/14,日,南西,2.7,10.9
2016/2/15,月,北,3.9,0.8
2016/2/16,火,北北西,2.0,0.4
2016/2/17,水,北,3.1,1.8
2016/2/18,木,北北東,3.2,4.2
2016/2/19,金,南南西,3.6,8.2
2016/2/20,土,北北東,2.0,7.1
2016/2/21,日,北西,3.3,5.2
2016/2/22,月,北北東,2.6,2.7
2016/2/23,火,北北東,3.2,5.1
2016/2/24,水,北,3.6,1.4
2016/2/25,木,北,2.8,1.7
2016/2/26,金,北,2.7,2.3
2016/2/27,土,北北東,3.0,4.7
2016/2/28,日,北北東,1.9,5.4
2016/2/29,月,北,3.6,5.4
2016/12/1,木,南南西,3.0,12.0
2016/12/2,金,南西,2.5,9.1
2016/12/3,土,北北東,1.9,9.8
2016/12/4,日,北北東,2.5,10.0
2016/12/5,月,南南西,2.4,12.8
2016/12/6,火,北北西,4.6,7.2
2016/12/7,水,北北東,2.3,5.5
2016/12/8,木,北,2.7,5.5
2016/12/9,金,南南西,3.7,8.4
2016/12/10,土,北北西,3.8,4.5
2016/12/11,日,北北西,3.7,3.9
2016/12/12,月,北北東,1.6,4.3
2016/12/13,火,北北東,2.2,8.3
2016/12/14,水,北,3.5,4.9
2016/12/15,木,北西,2.8,2.2
2016/12/16,金,北北西,3.4,1.9
2016/12/17,土,北北西,3.2,6.6
2016/12/18,日,南南西,2.6,10.7
2016/12/19,月,北北東,1.5,10.9
2016/12/20,火,北北東,2.0,8.4
2016/12/21,水,北北東,2.1,8.7
2016/12/22,木,北北東,2.5,12.0
2016/12/23,金,南西,3.7,8.5
2016/12/24,土,北,3.3,4.1
2016/12/25,日,北北東,2.8,3.3
2016/12/26,月,北北東,1.9,5.8
2016/12/27,火,北北東,2.9,6.0
2016/12/28,水,北北東,3.4,2.4
2016/12/29,木,南南西,4.3,4.7
2016/12/30,金,北北西,2.8,3.6
2016/12/31,土,北北東,2.4,6.2
2017/1/1,日,北北東,1.8,7.0
2017/1/2,月,南南西,3.0,9.2
2017/1/3,火,北,2.6,7.6
2017/1/4,水,北,2.9,6.5
2017/1/5,木,北,3.9,2.8
2017/1/6,金,北北東,1.7,2.1
2017/1/7,土,北北東,2.0,4.6
2017/1/8,日,北北東,2.4,6.4
2017/1/9,月,北北東,2.6,6.7
2017/1/10,火,北,3.5,4.6
2017/1/11,水,北,4.2,1.5
2017/1/12,木,北北西,3.8,2.4
2017/1/13,金,北北東,2.5,0.1
2017/1/14,土,北北西,3.9,-1.9
2017/1/15,日,北,4.0,-0.5
2017/1/16,月,北,3.7,2.0
2017/1/17,火,北北東,2.2,2.3
2017/1/18,水,北北東,3.0,4.5
2017/1/19,木,北西,2.5,3.9
2017/1/20,金,北北東,2.2,3.2
2017/1/21,土,北北東,3.2,2.9
2017/1/22,日,北,4.0,2.4
2017/1/23,月,北北西,3.5,0.0
2017/1/24,火,北西,3.3,-0.3
2017/1/25,水,北北西,2.7,2.4
2017/1/26,木,北北東,1.8,2.1
2017/1/27,金,北北西,4.3,4.8
2017/1/28,土,北,2.9,3.5
2017/1/29,日,北北東,2.0,4.4
2017/1/30,月,北,3.3,4.7
2017/1/31,火,西北西,2.2,1.7
2017/2/1,水,北北西,4.0,2.3
2017/2/2,木,北北西,3.7,1.1
2017/2/3,金,北西,2.8,4.3
2017/2/4,土,北北東,2.2,6.0
2017/2/5,日,北北東,1.9,5.3
2017/2/6,月,北北西,3.8,5.1
2017/2/7,火,北北西,3.3,0.9
2017/2/8,水,北西,2.0,3.1
2017/2/9,木,北北東,1.7,2.8
2017/2/10,金,西北西,3.6,3.1
2017/2/11,土,南西,3.7,1.7
2017/2/12,日,北西,3.3,3.7
2017/2/13,月,北北西,2.4,3.5
2017/2/14,火,北西,2.0,3.9
2017/2/15,水,西北西,2.1,3.7
2017/2/16,木,北北東,3.2,7.0
2017/2/17,金,南南西,4.3,8.2
2017/2/18,土,北,3.6,2.3
2017/2/19,日,北北東,2.3,1.0
2017/2/20,月,南南西,4.5,6.3
2017/2/21,火,北,4.1,1.5
2017/2/22,水,北北東,1.7,3.7
2017/2/23,木,北北西,3.2,6.2
2017/2/24,金,北北西,2.8,1.9
2017/2/25,土,北北東,2.1,4.0
2017/2/26,日,北,2.5,3.9
2017/2/27,月,北北東,1.6,2.0
2017/2/28,火,北北東,2.0,1.7
2017/3/1,水,北北東,2.3,4.2
2017/12/1,金,北北東,2.3,3.0
2017/12/2,土,北北東,2.2,3.0
2017/12/3,日,北北東,2.6,8.8
2017/12/4,月,北北東,2.2,8.3
2017/12/5,火,北北東,2.2,3.9
2017/12/6,水,北北東,1.8,2.0
2017/12/7,木,南南西,3.3,6.7
2017/12/8,金,北北東,2.5,3.9
2017/12/9,土,北北東,1.9,3.3
2017/12/10,日,北北東,2.8,8.4
2017/12/11,月,南西,4.4,7.0
2017/12/12,火,北北西,3.6,1.3
2017/12/13,水,北北西,3.8,2.3
2017/12/14,木,北北西,2.4,3.6
2017/12/15,金,北北東,2.0,4.7
2017/12/16,土,南西,2.5,6.4
2017/12/17,日,北,4.3,1.6
2017/12/18,月,南西,2.6,3.8
2017/12/19,火,北,3.9,4.0
2017/12/20,水,北北東,1.7,2.9
2017/12/21,木,北北東,1.5,3.0
2017/12/22,金,南南西,2.8,7.0
2017/12/23,土,北北東,2.6,8.2
2017/12/24,日,北北東,2.2,7.8
2017/12/25,月,北西,3.9,5.9
2017/12/26,火,北北西,4.0,2.0
2017/12/27,水,北北西,4.9,-0.2
2017/12/28,木,北西,3.8,2.2
2017/12/29,金,北北西,3.1,3.5
2017/12/30,土,北北西,2.8,2.5
2017/12/31,日,北北東,2.4,5.1
